Div,Date,Time,HomeTeam,AwayTeam,FTHG,FTAG,FTR,HTHG,HTAG,HTR,Referee,HS,AS,HST,AST,HF,AF,HC,AC,HY,AY,HR,AR,B365H,B365D,B365A,BWH,BWD,BWA,BFH,BFD,BFA,PSH,PSD,PSA,WHH,WHD,WHA,1XBH,1XBD,1XBA,MaxH,MaxD,MaxA,AvgH,AvgD,AvgA,BFEH,BFED,BFEA,B365>2.5,B365<2.5,P>2.5,P<2.5,Max>2.5,Max<2.5,Avg>2.5,Avg<2.5,BFE>2.5,BFE<2.5,AHh,B365AHH,B365AHA,PAHH,PAHA,MaxAHH,MaxAHA,AvgAHH,AvgAHA,BFEAHH,BFEAHA,B365CH,B365CD,B365CA,BWCH,BWCD,BWCA,BFCH,BFCD,BFCA,PSCH,PSCD,PSCA,WHCH,WHCD,WHCA,1XBCH,1XBCD,1XBCA,MaxCH,MaxCD,MaxCA,AvgCH,AvgCD,AvgCA,BFECH,BFECD,BFECA,B365C>2.5,B365C<2.5,PC>2.5,PC<2.5,MaxC>2.5,MaxC<2.5,AvgC>2.5,AvgC<2.5,BFEC>2.5,BFEC<2.5,AHCh,B365CAHH,B365CAHA,PCAHH,PCAHA,MaxCAHH,MaxCAHA,AvgCAHH,AvgCAHA,BFECAHH,BFECAHA
E1,09/08/2024,20:00,Blackburn,Derby,4,2,H,1,0,H,J Smith,11,12,7,4,9,10,1,9,1,3,0,0,2.2,3.5,3.1,2.25,3.3,3.2,2.25,3.4,3.2,2.32,3.39,3.25,2.3,3.3,3.2,2.28,3.42,3.12,2.37,3.53,3.27,2.28,3.36,3.17,2.36,3.55,3.35,2.03,1.83,2.03,1.86,2.11,1.89,1.99,1.82,2.08,1.9,-0.25,2.01,1.89,2,1.9,2.02,1.91,1.96,1.87,2.02,1.95,2.1,4,3.3,2.15,3.3,3.4,2.1,3.4,3.5,2.15,3.45,3.59,2.2,3.3,3.4,2.12,3.61,3.55,2.25,4,3.62,2.15,3.41,3.46,2.18,3.55,3.75,2.03,1.83,2.03,1.86,2.07,1.88,2,1.82,2.08,1.91,-0.25,1.85,2.05,1.85,2.06,1.97,2.1,1.85,1.99,1.88,2.11
E1,09/08/2024,20:00,Preston,Sheffield United,0,2,A,0,1,A,R Madley,12,11,2,3,11,14,3,6,1,0,0,0,3.1,3.4,2.25,3.1,3.3,2.3,3.2,3.3,2.25,3.25,3.44,2.3,3.1,3.3,2.38,3.12,3.44,2.27,3.29,3.45,2.38,3.16,3.35,2.3,3.35,3.5,2.38,2,1.85,2.01,1.88,2.07,1.88,1.98,1.83,2.08,1.9,0.25,1.92,1.98,1.92,1.99,1.93,2.03,1.87,1.96,1.94,2.04,3.1,3.5,2.2,3.1,3.3,2.3,3.1,3.4,2.25,3.23,3.49,2.28,3.2,3.3,2.3,3.33,3.61,2.21,3.33,3.61,2.31,3.2,3.39,2.26,3.3,3.55,2.38,1.95,1.9,1.97,1.92,2.02,2,1.94,1.87,2.02,1.94,0.25,1.92,1.98,1.93,1.98,1.97,1.99,1.9,1.94,1.94,2.04
E1,10/08/2024,12:30,Cardiff,Sunderland,0,2,A,0,1,A,A Davies,12,11,4,4,10,8,4,4,0,2,0,0,2.8,3.3,2.5,2.9,3.2,2.45,2.88,3.1,2.55,2.94,3.15,2.62,2.88,3.2,2.6,2.86,3.24,2.53,2.98,3.3,2.64,2.9,3.18,2.54,2.98,3.3,2.66,2.2,1.65,2.3,1.65,2.35,1.66,2.25,1.63,2.32,1.7,0,2.07,1.83,2.07,1.83,2.11,1.85,2.05,1.8,2.11,1.86,2.88,3.3,2.45,2.9,3.2,2.45,2.9,3.2,2.5,3.01,3.22,2.56,2.9,3.2,2.6,2.95,3.39,2.52,3.06,3.39,2.6,2.94,3.2,2.51,3.1,3.35,2.62,2.2,1.65,2.24,1.7,2.35,1.7,2.23,1.66,2.32,1.75,0,2.11,1.79,2.13,1.8,2.13,1.81,2.09,1.79,2.18,1.83
E1,10/08/2024,12:30,Hull,Bristol City,1,1,D,0,0,D,K Stroud,11,15,5,3,10,13,2,8,0,2,0,0,2.63,3.25,2.63,2.55,3.25,2.75,2.7,3.1,2.7,2.71,3.3,2.73,2.62,3.25,2.75,2.62,3.34,2.68,2.76,3.34,2.88,2.63,3.27,2.73,2.78,3.35,2.86,2.08,1.73,2.11,1.77,2.13,1.79,2.08,1.74,2.16,1.79,0,1.92,1.98,1.93,1.95,1.93,2,1.89,1.95,1.96,2.02,2.7,3.25,2.6,2.8,3.1,2.6,2.8,3.1,2.63,2.84,3.21,2.71,2.75,3.25,2.62,2.89,3.35,2.59,2.92,3.35,2.71,2.79,3.22,2.61,2.92,3.3,2.76,2.08,1.73,2.17,1.75,2.24,1.79,2.11,1.73,2.24,1.78,0,1.99,1.91,2,1.91,2.04,1.91,1.99,1.87,2.03,1.96
E1,10/08/2024,12:30,Leeds,Portsmouth,3,3,D,1,2,A,O Langford,22,5,10,4,19,21,12,0,2,4,0,0,1.36,5,8,1.38,5,7.75,1.36,5,8,1.38,5.14,7.88,1.36,5,8.5,1.38,5.05,7.8,1.4,5.3,8.5,1.37,5.01,7.81,1.41,5.6,8.8,1.6,2.3,1.62,2.34,1.64,2.4,1.59,2.32,1.64,2.46,-1.25,1.84,2.06,1.84,2.05,1.87,2.06,1.82,2,1.86,2.1,1.25,6.5,10,1.27,6,11,1.2,5.5,11,1.26,6.3,11.16,1.29,5.8,11,1.27,6.69,10.7,1.29,6.69,11.76,1.26,6.04,10.65,1.27,6.6,14,1.5,2.5,1.53,2.59,1.56,2.75,1.51,2.55,1.57,2.72,-1.75,1.92,1.98,1.93,1.95,2,1.98,1.94,1.89,2,1.97
E1,10/08/2024,12:30,Middlesbrough,Swansea,1,0,H,1,0,H,S Allison,18,5,4,0,14,12,6,9,1,4,0,0,1.8,3.5,4.33,1.88,3.75,3.9,1.8,3.8,4.2,1.8,3.92,4.31,1.91,3.7,4,1.82,3.88,4.1,1.91,3.96,4.4,1.83,3.77,4.16,1.89,4,4.4,1.73,2.08,1.74,2.16,1.82,2.16,1.74,2.09,1.79,2.2,-0.5,1.85,2.05,1.8,2.09,1.88,2.09,1.83,2.02,1.88,2.11,1.62,3.8,5.25,1.65,4,5,1.67,4,5,1.66,4.14,5.22,1.7,4,4.8,1.7,3.88,5.36,1.7,4.2,5.36,1.67,4.02,4.91,1.7,4.2,5.5,1.7,2.1,1.74,2.18,1.82,2.29,1.7,2.15,1.76,2.28,-0.75,1.84,2.06,1.84,2.08,1.95,2.11,1.84,2,1.88,2.11
E1,10/08/2024,12:30,Millwall,Watford,2,3,A,0,1,A,J Busby,16,10,4,5,11,15,5,5,2,3,0,0,2.3,3.25,3.25,2.25,3.25,3.2,2.3,3.1,3.2,2.39,3.19,3.27,2.38,3.1,3.25,2.36,3.22,3.15,2.41,3.27,3.3,2.34,3.2,3.19,2.44,3.3,3.35,2.25,1.62,2.34,1.61,2.41,1.65,2.3,1.61,2.38,1.68,-0.25,2.04,1.86,2.04,1.85,2.06,1.88,2,1.84,2.07,1.91,2.38,3.2,3.2,2.37,3.1,3.1,2.4,3.1,3.25,2.43,3.13,3.3,2.38,3.1,3.25,2.41,3.25,3.25,2.46,3.25,3.36,2.38,3.13,3.21,2.46,3.2,3.45,2.3,1.6,2.43,1.61,2.44,1.62,2.34,1.6,2.48,1.65,-0.25,2.06,1.84,2.07,1.85,2.08,1.9,2.01,1.83,2.09,1.91
E1,10/08/2024,12:30,Oxford,Norwich,2,0,H,1,0,H,A Kitchen,12,10,4,2,4,14,5,5,1,3,0,0,3,3.6,2.2,3,3.5,2.3,3,3.5,2.25,3.2,3.52,2.26,3,3.4,2.38,2.99,3.52,2.31,3.25,3.6,2.38,3.04,3.49,2.28,3.2,3.7,2.34,1.88,1.98,1.88,2,1.93,2.01,1.86,1.94,1.9,2.02,0.25,1.92,1.98,1.93,1.96,1.94,2.02,1.87,1.96,1.95,2.03,2.88,3.5,2.3,2.9,3.4,2.35,3,3.4,2.3,3.06,3.5,2.38,3.1,3.5,2.25,3.09,3.63,2.32,3.1,3.63,2.4,2.97,3.46,2.34,3.15,3.6,2.42,1.95,1.9,1.96,1.93,1.99,1.99,1.92,1.88,1.98,2,0.25,1.86,2.04,1.85,2.06,1.88,2.07,1.83,2.01,1.9,2.09
E1,10/08/2024,12:30,QPR,West Brom,1,3,A,1,1,D,D Webb,11,7,6,4,7,7,12,3,1,0,0,0,2.45,3.3,2.8,2.55,3.2,2.8,2.55,3.1,2.88,2.62,3.16,2.95,2.6,3.2,2.88,2.56,3.24,2.81,2.63,3.3,3.01,2.55,3.18,2.88,2.64,3.3,3.05,2.25,1.62,2.29,1.65,2.32,1.71,2.24,1.64,2.36,1.67,0,1.83,2.07,1.83,2.07,1.85,2.09,1.81,2.03,1.85,2.14,2.6,3.3,2.63,2.7,3.1,2.75,2.63,3.1,2.75,2.78,3.13,2.83,2.75,3.1,2.75,2.7,3.42,2.72,2.79,3.42,2.86,2.7,3.14,2.74,2.78,3.3,2.92,2.2,1.65,2.36,1.64,2.37,1.67,2.29,1.62,2.42,1.7,0,1.92,1.98,1.93,1.97,1.93,2.03,1.91,1.96,1.94,2.04
E1,10/08/2024,12:30,Stoke,Coventry,1,0,H,0,0,D,G Ward,11,8,2,1,7,9,9,7,2,1,0,0,2.45,3.6,2.7,2.45,3.5,2.75,2.45,3.5,2.75,2.53,3.51,2.79,2.5,3.4,2.8,2.48,3.54,2.71,2.55,3.6,2.85,2.47,3.51,2.75,2.58,3.7,2.86,1.83,2.03,1.83,2.04,1.88,2.07,1.8,2.01,1.86,2.06,0,1.86,2.04,1.85,2.05,1.88,2.05,1.83,2.01,1.88,2.1,2.4,3.6,2.7,2.5,3.3,2.8,2.45,3.4,2.8,2.52,3.5,2.85,2.5,3.4,2.8,2.41,3.72,2.89,2.57,3.72,2.89,2.47,3.43,2.8,2.56,3.65,2.92,1.75,2.05,1.79,2.1,1.9,2.13,1.79,2.03,1.84,2.16,0,1.81,2.09,1.84,2.08,1.84,2.12,1.81,2.07,1.86,2.14
E1,11/08/2024,16:00,Sheffield Weds,Plymouth,4,0,H,1,0,H,L Smith,31,5,11,1,15,14,15,1,1,1,0,0,1.8,3.5,4.5,1.85,3.6,4.2,1.8,3.6,4.33,1.83,3.59,4.39,1.85,3.6,4.33,1.85,3.66,4.2,1.88,3.72,4.5,1.84,3.58,4.27,1.87,3.75,4.6,2,1.85,1.99,1.85,2.02,1.88,1.96,1.84,2,1.85,-0.5,1.88,2.02,1.84,2.02,1.9,2.03,1.85,1.98,1.87,2.11,1.73,3.75,4.75,1.72,3.9,4.6,1.67,3.8,4.5,1.74,3.93,4.8,1.73,3.8,4.75,1.75,3.84,5.04,1.76,4.1,5.04,1.72,3.88,4.62,1.78,4.1,4.9,1.7,2.1,1.84,2.06,1.84,2.17,1.76,2.06,1.82,2.2,-0.75,1.95,1.95,1.96,1.94,1.96,2.04,1.91,1.92,1.99,1.98
E1,12/08/2024,20:00,Luton,Burnley,1,4,A,0,2,A,M Donohue,10,11,3,6,11,17,5,4,2,3,0,0,2.38,3.4,2.88,2.45,3.4,2.8,2.3,3.3,2.9,2.37,3.39,3.01,2.45,3.4,2.88,2.43,3.48,2.84,2.45,3.48,3.07,2.4,3.39,2.9,2.48,3.5,3.1,1.88,1.98,1.85,1.98,1.93,2.01,1.85,1.94,1.87,1.99,-0.25,2.07,1.83,2.05,1.81,2.12,1.83,2.06,1.78,2.14,1.85,2.7,3.4,2.5,2.7,3.3,2.6,2.63,3.3,2.45,2.78,3.52,2.57,2.7,3.4,2.6,2.79,3.51,2.58,2.82,3.57,2.63,2.72,3.43,2.54,2.88,3.55,2.66,1.75,2.05,1.79,2.1,1.83,2.2,1.76,2.07,1.82,2.2,0,2.03,1.87,2.03,1.88,2.09,1.89,2.02,1.85,2.07,1.92
E1,16/08/2024,20:00,Coventry,Oxford,3,2,H,2,1,H,D Coote,26,7,10,2,9,7,14,1,0,2,0,0,1.7,3.9,4.75,1.68,4,4.8,1.67,4,4.6,1.72,4.02,4.88,1.7,4,4.8,1.71,4.05,4.58,1.74,4.12,5.2,1.69,3.98,4.72,1.75,4.3,5.1,1.7,2.1,1.74,2.18,1.76,2.19,1.71,2.13,1.78,2.26,-0.75,1.93,1.97,1.93,1.97,1.96,2,1.88,1.95,1.94,2.04,1.67,4,4.75,1.63,4.1,5,1.6,3.9,4.75,1.7,4.09,4.91,1.65,4,5.5,1.7,4.11,5.06,1.7,4.3,5.5,1.66,4.06,4.93,1.7,4.3,5.4,1.67,2.15,1.7,2.24,1.82,2.28,1.68,2.2,1.73,2.32,-0.75,1.88,2.02,1.9,2.01,1.9,2.07,1.84,2,1.9,2.1
E1,17/08/2024,12:30,Derby,Middlesbrough,1,0,H,1,0,H,R Madley,3,20,2,4,13,5,3,8,3,1,0,0,3.5,3.5,2,3.3,3.6,2.05,3.6,3.5,2,3.5,3.51,2.08,3.5,3.6,2,3.47,3.6,2.06,3.61,3.7,2.14,3.45,3.55,2.07,3.75,3.8,2.12,1.85,2,1.85,2.01,1.88,2.03,1.83,1.98,1.85,2.06,0.25,2.05,1.75,2.07,1.81,2.12,1.83,2.04,1.78,2.18,1.84,3.75,3.6,1.9,3.75,3.7,1.93,3.9,3.5,1.85,3.91,3.73,1.95,3.9,3.6,1.95,4.04,3.74,1.94,4.1,3.83,1.96,3.84,3.69,1.92,4.2,3.85,1.97,1.8,2.05,1.83,2.05,1.9,2.08,1.8,1.98,1.87,2.12,0.5,1.95,1.95,1.94,1.96,1.99,1.98,1.91,1.94,2.02,1.97
E1,17/08/2024,12:30,Portsmouth,Luton,0,0,D,0,0,D,J Busby,15,9,6,4,11,12,5,4,3,2,0,1,3.1,3.4,2.25,2.95,3.6,2.25,3,3.5,2.25,3.03,3.62,2.25,3,3.5,2.38,3.01,3.6,2.26,3.1,3.72,2.38,3,3.55,2.28,3.15,3.75,2.34,1.75,2.05,1.76,2.1,1.81,2.13,1.76,2.06,1.82,2.14,0.25,1.9,2,1.89,1.98,1.93,2.04,1.86,1.96,1.93,2.03,3.4,3.6,2.05,3.4,3.7,2,3.3,3.5,1.95,3.58,3.8,2.03,3.5,3.7,2.05,3.74,3.71,2.03,3.74,3.82,2.1,3.45,3.68,2.03,3.7,3.85,2.12,1.75,2.05,1.78,2.12,1.9,2.16,1.76,2.08,1.8,2.22,0.5,1.75,2.05,1.87,2.04,1.88,2.09,1.81,2.04,1.88,2.12
E1,17/08/2024,12:30,West Brom,Leeds,0,0,D,0,0,D,S Allison,8,8,1,1,14,11,5,4,2,2,0,0,3.4,3.5,2.1,3.5,3.4,2.1,3.4,3.3,2.15,3.34,3.52,2.14,3.5,3.4,2.15,3.38,3.44,2.15,3.55,3.6,2.19,3.39,3.45,2.13,3.6,3.55,2.26,2.03,1.83,1.99,1.86,2.05,1.89,2,1.81,2.06,1.9,0.25,2.02,1.88,2,1.87,2.05,1.9,1.99,1.83,2.04,1.94,3.3,3.5,2.1,3.4,3.5,2.1,3.5,3.4,2,3.5,3.59,2.13,3.6,3.4,2.1,3.28,3.61,2.23,3.6,3.66,2.23,3.45,3.54,2.08,3.8,3.75,2.1,1.93,1.93,1.95,1.93,1.96,2,1.9,1.91,2,1.99,0.25,2.05,1.85,2.06,1.85,2.12,1.89,2.04,1.81,2.19,1.82
E1,17/08/2024,15:00,Bristol City,Millwall,4,3,H,2,0,H,S Gill,11,15,6,4,11,12,5,4,1,2,0,0,2,3.2,4.1,2,3.25,3.9,2,3.1,4,2.02,3.27,3.98,2.05,3.25,4,2.02,3.32,3.91,2.06,3.37,4.1,2.02,3.26,3.96,2.1,3.3,4.4,2.35,1.57,2.39,1.59,2.42,1.62,2.36,1.58,2.42,1.63,-0.5,2.04,1.86,2.04,1.84,2.06,1.87,2.02,1.83,2.1,1.89,2.05,3.1,3.9,2.05,3.25,3.8,1.95,3.2,3.8,2.09,3.29,3.97,2.1,3.25,3.8,2.12,3.21,4.04,2.12,3.35,4.04,2.06,3.24,3.86,2.1,3.4,4.1,2.35,1.57,2.42,1.61,2.47,1.63,2.36,1.59,2.48,1.66,-0.5,2.07,1.83,2.1,1.83,2.11,1.85,2.06,1.8,2.11,1.89
E1,17/08/2024,15:00,Burnley,Cardiff,5,0,H,2,0,H,M Salisbury,9,11,4,4,19,6,2,5,2,1,0,0,1.45,4.2,7,1.47,4.5,6.5,1.44,4.5,7,1.46,4.53,6.66,1.5,4.2,7,1.48,4.5,6.47,1.5,4.7,7,1.47,4.44,6.69,1.5,4.8,7.6,1.73,2.08,1.76,2.1,1.81,2.18,1.75,2.08,1.79,2.16,-1.25,2.08,1.82,2.07,1.82,2.14,1.82,2.06,1.79,2.09,1.85,1.6,4.1,5.5,1.6,4.2,5.25,1.55,3.9,5,1.6,4.23,5.64,1.57,4.33,5.5,1.62,4.18,5.81,1.64,4.5,7.5,1.58,4.15,5.56,1.64,4.3,6,1.8,2,1.81,2.08,1.9,2.2,1.78,2.03,1.9,2.08,-1,2.08,1.82,2.06,1.85,2.11,1.86,2.03,1.84,2.1,1.88
E1,17/08/2024,15:00,Norwich,Blackburn,2,2,D,0,1,A,J Bell,14,7,4,3,12,12,6,5,2,3,0,0,2,3.4,3.7,2.05,3.5,3.5,2,3.5,3.6,2.07,3.59,3.45,2.1,3.5,3.6,2.07,3.62,3.43,2.12,3.65,3.7,2.06,3.54,3.48,2.1,3.75,3.8,1.8,2,1.79,2.06,1.83,2.07,1.79,2.02,1.86,2.12,-0.25,1.75,2.05,1.81,2.07,1.83,2.11,1.79,2.05,1.82,2.19,2.45,3.2,2.9,2.4,3.4,2.9,2.3,3.25,2.9,2.51,3.48,2.89,2.45,3.4,2.9,2.52,3.35,2.98,2.52,3.55,3.2,2.41,3.39,2.92,2.5,3.5,3.1,1.9,1.95,1.89,2,1.99,2.03,1.86,1.95,1.96,2,-0.25,2.1,1.7,2.16,1.76,2.17,1.9,2.06,1.79,2.15,1.86
E1,17/08/2024,15:00,Plymouth,Hull,1,1,D,0,0,D,L Doughty,16,14,7,2,13,16,6,3,3,1,0,0,2.8,3.7,2.3,2.9,3.6,2.3,2.8,3.7,2.38,2.82,3.64,2.37,2.88,3.6,2.38,2.84,3.65,2.35,2.9,3.76,2.42,2.83,3.65,2.35,2.96,3.8,2.48,1.67,2.15,1.68,2.21,1.7,2.3,1.67,2.19,1.72,2.28,0.25,1.81,2.09,1.8,2.09,1.83,2.09,1.79,2.04,1.85,2.15,2.75,3.7,2.3,2.8,3.6,2.35,2.7,3.5,2.3,2.85,3.75,2.4,2.88,3.6,2.38,2.88,3.81,2.38,2.88,3.81,2.44,2.8,3.67,2.36,2.98,3.85,2.44,1.62,2.25,1.67,2.3,1.7,2.33,1.64,2.25,1.69,2.4,0.25,1.82,2.08,1.82,2.11,1.85,2.12,1.8,2.05,1.87,2.13
E1,17/08/2024,15:00,Sheffield United,QPR,2,2,D,2,0,H,A Backhouse,14,14,3,3,15,9,4,9,2,2,0,1,1.8,3.75,4.2,1.8,3.6,4.4,1.75,3.7,4.5,1.77,3.78,4.46,1.8,3.75,4.4,1.8,3.78,4.34,1.82,3.9,4.7,1.79,3.72,4.39,1.83,3.9,4.9,1.93,1.93,1.89,1.96,2,1.98,1.89,1.92,1.96,1.99,-0.75,2.06,1.84,2.03,1.85,2.09,1.86,2.02,1.82,2.07,1.89,1.7,3.8,4.75,1.7,3.8,5,1.62,3.7,4.75,1.73,3.92,4.92,1.7,3.8,5,1.73,3.91,5.07,1.73,4.1,5.3,1.69,3.87,4.88,1.75,4,5.4,1.93,1.93,1.93,1.95,1.99,2,1.89,1.92,1.97,2,-0.75,1.95,1.95,1.95,1.95,1.96,2.01,1.9,1.93,1.95,2.02
E1,17/08/2024,15:00,Swansea,Preston,3,0,H,1,0,H,S Martin,12,5,6,2,11,21,5,3,1,3,0,0,1.95,3.4,3.9,1.93,3.5,3.9,1.91,3.4,4.1,1.98,3.4,3.95,2,3.4,4,1.99,3.48,3.81,2.02,3.55,4.1,1.97,3.42,3.92,2.02,3.55,4.2,2.1,1.7,2.13,1.73,2.17,1.76,2.11,1.72,2.18,1.79,-0.5,2.01,1.89,2,1.87,2.02,1.92,1.98,1.87,2.02,1.94,1.95,3.5,3.7,1.98,3.5,3.75,1.87,3.4,3.9,1.99,3.66,3.88,2.05,3.4,3.75,1.98,3.6,4.05,2.05,3.69,4.05,1.98,3.53,3.78,2.02,3.7,4.1,1.95,1.9,1.99,1.9,2.08,1.94,1.96,1.85,2.06,1.91,-0.5,2.03,1.87,2,1.91,2.05,1.91,2,1.85,2.02,1.96
E1,17/08/2024,15:00,Watford,Stoke,3,0,H,0,0,D,T Nield,24,7,8,3,12,15,2,4,2,2,0,0,2.63,3.25,2.7,2.55,3.3,2.7,2.7,3.2,2.63,2.7,3.21,2.72,2.6,3.25,2.8,2.58,3.38,2.7,2.75,3.38,2.8,2.63,3.28,2.71,2.72,3.4,2.88,2.05,1.8,2.07,1.79,2.11,1.81,2.05,1.77,2.12,1.83,0,1.92,1.98,1.93,1.94,1.93,1.99,1.89,1.96,1.93,2.05,2.63,3.2,2.63,2.65,3.25,2.65,2.63,3.1,2.63,2.7,3.25,2.82,2.7,3.25,2.7,2.65,3.34,2.84,2.79,3.4,2.84,2.67,3.24,2.7,2.82,3.35,2.86,2.05,1.75,2.1,1.79,2.24,1.85,2.05,1.77,2.12,1.87,0,1.92,1.98,1.91,1.99,1.97,2.01,1.92,1.97,1.97,2
E1,18/08/2024,12:00,Sunderland,Sheffield Weds,4,0,H,3,0,H,D Whitestone,15,9,6,3,9,10,5,8,0,3,0,0,2.2,3.3,3.3,2.15,3.5,3.25,2.2,3.4,3.3,2.12,3.55,3.35,2.2,3.4,3.4,2.14,3.52,3.34,2.21,3.63,3.47,2.15,3.46,3.33,2.24,3.6,3.45,1.95,1.9,1.92,1.92,2,1.93,1.93,1.87,1.97,1.94,-0.25,1.88,2.02,1.85,2.01,1.89,2.03,1.84,1.99,1.93,2.06,2.15,3.4,3.3,2.2,3.5,3.1,2.15,3.25,3.25,2.24,3.5,3.32,2.25,3.4,3.25,2.17,3.5,3.52,2.26,3.53,3.52,2.2,3.45,3.25,2.28,3.55,3.5,1.93,1.93,1.95,1.93,1.96,2,1.89,1.92,1.96,2.02,-0.25,1.9,2,1.93,1.98,1.95,2.04,1.89,1.94,1.96,2.02
E1,23/08/2024,20:00,Sheffield Weds,Leeds,0,2,A,0,1,A,S Hooper,8,13,2,5,14,10,3,2,2,3,0,0,4.1,3.4,1.91,3.75,3.5,1.95,4.2,3.4,1.91,4.16,3.57,1.94,3.9,3.6,1.95,3.91,3.68,1.91,4.2,3.68,1.98,3.96,3.52,1.93,4.4,3.65,1.98,1.88,1.98,1.92,1.97,1.92,2.02,1.87,1.93,,,0.5,1.95,1.95,1.95,1.95,1.97,1.98,1.9,1.94,2,1.98,3.9,3.3,2,3.75,3.5,1.98,3.75,3.4,1.87,3.84,3.58,2.02,3.9,3.5,2,4.25,3.49,1.97,4.25,3.65,2.02,3.89,3.51,1.96,4.1,3.75,2.02,1.9,1.95,1.9,1.99,1.93,2,1.86,1.94,1.96,2.02,0.5,1.85,2.05,1.88,2.03,1.96,2.05,1.88,1.97,1.97,2.02
E1,24/08/2024,12:30,Bristol City,Coventry,1,1,D,1,0,H,A Kitchen,12,8,7,1,8,16,8,2,2,4,0,0,2.45,3.4,2.8,2.45,3.4,2.75,2.45,3.4,2.8,2.54,3.38,2.87,2.5,3.4,2.88,2.49,3.48,2.74,2.54,3.55,2.91,2.47,3.41,2.8,2.58,3.6,2.92,1.88,1.98,1.89,1.98,1.93,2,1.87,1.94,1.92,1.99,0,1.83,2.07,1.83,2.07,1.84,2.09,1.82,2.04,1.88,2.11,2.6,3.4,2.63,2.55,3.5,2.6,2.5,3.4,2.5,2.63,3.57,2.68,2.62,3.5,2.62,2.58,3.5,2.8,2.63,3.65,2.92,2.56,3.46,2.68,2.7,3.7,2.72,1.73,2.08,1.78,2.12,1.85,2.2,1.78,2.05,1.82,2.18,0,1.92,1.98,1.93,1.97,1.93,2.04,1.9,1.98,1.99,2
E1,24/08/2024,12:30,Hull,Millwall,0,0,D,0,0,D,D Webb,14,13,4,5,11,15,5,7,2,2,0,0,2.2,3.25,3.3,2.15,3.4,3.3,2.2,3.25,3.4,2.2,3.4,3.44,2.25,3.3,3.4,2.19,3.4,3.32,2.24,3.41,3.5,2.18,3.35,3.35,2.28,3.4,3.65,2.05,1.75,2.09,1.78,2.12,1.84,2.04,1.77,2.14,1.82,-0.25,1.92,1.98,1.9,1.99,1.96,1.99,1.88,1.95,1.94,2.03,2.35,3.2,3.1,2.45,3.3,2.9,2.4,3,2.9,2.4,3.28,3.2,2.45,3.2,3.1,2.36,3.29,3.3,2.47,3.39,3.3,2.39,3.25,3.07,2.54,3.3,3.2,2.1,1.7,2.21,1.72,2.25,1.8,2.13,1.72,2.26,1.76,-0.25,2.06,1.84,2.06,1.85,2.11,1.87,2.03,1.81,2.16,1.84
E1,24/08/2024,12:30,QPR,Plymouth,1,1,D,1,1,D,G Ward,30,6,10,1,10,14,11,1,2,3,0,2,1.7,3.8,4.75,1.66,3.9,5,1.67,3.8,5,1.75,3.85,4.78,1.67,3.8,5.5,1.73,3.9,4.62,1.75,4,5,1.7,3.88,4.76,1.74,4,5.4,1.83,2.03,1.86,2.01,1.86,2.06,1.81,2.01,1.86,2.06,-0.75,1.95,1.95,1.97,1.92,1.97,2,1.9,1.93,1.94,2.02,1.7,4,4.5,1.7,4.1,4.5,1.62,3.9,4.6,1.74,4.04,4.68,1.67,4,5,1.68,4.18,5.09,1.74,4.18,5.4,1.67,4.03,4.83,1.73,4.2,5.3,1.6,2.3,1.67,2.3,1.84,2.35,1.67,2.21,1.68,2.4,-0.75,1.95,1.95,1.96,1.94,1.97,2.09,1.86,1.99,1.92,2.07
E1,24/08/2024,15:00,Blackburn,Oxford,2,1,H,1,1,D,L Smith,18,13,4,3,14,8,7,5,2,1,0,0,1.75,3.75,4.33,1.77,3.9,4.33,1.75,3.8,4.33,1.8,3.81,4.24,1.8,3.75,4.4,1.78,3.9,4.27,1.83,3.93,4.6,1.77,3.83,4.29,1.84,4,4.8,1.73,2.1,1.77,2.09,1.78,2.14,1.74,2.08,,,-0.75,2.04,1.86,2.06,1.81,2.06,1.9,2,1.84,2.08,1.9,1.6,4,5.5,1.62,4.1,5,1.57,4.2,5,1.63,4.16,5.42,1.65,4,5.5,1.65,4.21,5.39,1.65,4.33,5.5,1.62,4.16,5.12,1.64,4.5,5.8,1.73,2.1,1.78,2.12,1.79,2.25,1.68,2.19,1.75,2.3,-1,2.08,1.82,2.11,1.81,2.12,1.86,2.06,1.8,2.05,1.9
E1,24/08/2024,15:00,Middlesbrough,Portsmouth,2,2,D,1,2,A,M Donohue,29,7,7,3,10,15,15,2,0,5,0,0,1.45,4.33,7,1.5,4.5,6,1.44,4.6,6.5,1.45,4.45,6.91,1.5,4.4,6.5,1.49,4.5,6.3,1.5,4.7,7,1.47,4.45,6.62,1.49,5,7.2,1.73,2.1,1.72,2.17,1.73,2.21,1.7,2.14,1.74,2.2,-1.25,2.08,1.82,2.05,1.83,2.11,1.83,2.04,1.8,2.08,1.88,1.29,5.5,9,1.3,5.75,9.25,1.29,5.5,9.5,1.3,5.98,9.65,1.3,5.5,11,1.32,5.84,9.75,1.32,6.2,11,1.29,5.75,9.49,1.32,6.2,11,1.5,2.63,1.5,2.66,1.53,2.7,1.49,2.61,1.53,2.82,-1.75,2,1.8,2.06,1.83,2.1,1.85,2.04,1.81,2.11,1.89
E1,24/08/2024,15:00,Norwich,Sheffield United,1,1,D,1,1,D,J Smith,7,12,5,4,14,7,1,5,5,2,0,0,2.7,3.4,2.5,2.75,3.5,2.45,2.75,3.4,2.45,2.78,3.54,2.46,2.7,3.6,2.5,2.73,3.56,2.45,2.85,3.65,2.55,2.74,3.47,2.47,2.88,3.65,2.58,1.73,2.1,1.77,2.1,1.79,2.13,1.75,2.06,1.78,2.16,0,2.06,1.84,2.06,1.82,2.09,1.87,2.03,1.84,2.11,1.87,2.6,3.4,2.6,2.6,3.5,2.55,2.55,3.5,2.63,2.62,3.63,2.67,2.7,3.5,2.6,2.74,3.52,2.63,2.75,3.63,2.67,2.62,3.51,2.6,2.7,3.65,2.78,1.73,2.1,1.75,2.16,1.82,2.2,1.74,2.1,1.81,2.2,0,1.95,1.95,1.93,1.97,1.98,1.98,1.95,1.93,1.96,2.03
E1,24/08/2024,15:00,Preston,Luton,1,0,H,1,0,H,D Whitestone,6,17,2,4,16,10,2,13,6,1,0,0,3.2,3.4,2.2,3.2,3.5,2.15,3.3,3.4,2.2,3.16,3.55,2.21,3.25,3.4,2.25,3.19,3.48,2.22,3.3,3.71,2.25,3.18,3.48,2.21,3.4,3.65,2.26,1.98,1.88,1.98,1.87,2.02,1.95,1.94,1.87,2.02,1.89,0.25,1.95,1.95,1.93,1.93,1.98,1.95,1.92,1.9,2.01,1.95,2.9,3.4,2.38,2.85,3.5,2.37,2.9,3.4,2.3,3.01,3.58,2.37,2.9,3.4,2.45,3.09,3.5,2.38,3.09,3.58,2.47,2.91,3.45,2.39,3.1,3.6,2.46,1.88,1.98,1.87,2.02,1.99,2.02,1.86,1.95,1.96,2,0.25,1.84,2.06,1.85,2.07,1.86,2.11,1.8,2.04,1.87,2.12
E1,24/08/2024,15:00,Stoke,West Brom,1,2,A,1,2,A,J Bell,7,8,2,5,12,11,2,5,2,3,0,0,2.55,3.2,2.8,2.55,3.2,2.85,2.55,3.1,2.88,2.63,3.17,2.83,2.6,3.2,2.9,2.51,3.28,2.85,2.63,3.28,2.95,2.55,3.18,2.84,2.7,3.25,3,2.3,1.62,2.32,1.64,2.33,1.7,2.24,1.64,2.34,1.67,0,1.85,2.05,1.86,2.01,1.86,2.06,1.83,2.03,1.87,2.12,2.6,3.25,2.7,2.6,3.3,2.7,2.63,3.2,2.8,2.67,3.31,2.81,2.6,3.25,2.8,2.68,3.35,2.78,2.68,3.35,2.9,2.6,3.25,2.78,2.72,3.35,2.94,2.1,1.73,2.13,1.78,2.26,1.83,2.11,1.74,2.18,1.83,0,1.89,2.01,1.9,2.01,1.93,2.02,1.88,1.99,1.91,2.07
E1,24/08/2024,15:00,Sunderland,Burnley,1,0,H,1,0,H,S Martin,14,4,3,1,13,19,3,1,2,3,1,0,3,3.4,2.3,2.95,3.5,2.3,3.1,3.3,2.3,3.06,3.43,2.32,3,3.4,2.38,3.01,3.48,2.31,3.1,3.51,2.4,2.99,3.41,2.33,3.25,3.5,2.42,1.9,1.95,1.91,1.94,1.96,1.97,1.9,1.9,1.97,2,0.25,1.86,2.04,1.85,2.02,1.9,2.07,1.83,1.99,1.91,2.07,2.4,3.3,2.9,2.45,3.4,2.8,2.4,3.3,3,2.46,3.35,3.05,2.45,3.4,2.9,2.47,3.48,2.96,2.5,3.48,3.06,2.44,3.34,2.93,2.52,3.45,3.15,2,1.85,2,1.88,2.13,1.92,1.96,1.85,2.02,1.95,-0.25,2.09,1.81,2.12,1.81,2.13,1.83,2.08,1.78,2.15,1.86
E1,24/08/2024,15:00,Watford,Derby,2,1,H,1,1,D,G Eltringham,12,8,3,3,10,11,4,2,2,3,0,0,1.85,3.5,4.1,1.9,3.6,4,1.85,3.6,4.2,1.87,3.7,4.06,1.85,3.6,4.33,1.88,3.72,4,1.9,3.79,4.2,1.87,3.61,4.03,1.91,3.9,4.4,1.88,1.98,1.88,1.98,1.92,1.99,1.86,1.93,1.91,2.02,-0.5,1.88,2.02,1.88,1.99,1.9,2.03,1.87,1.97,1.91,2.08,1.85,3.4,4.2,1.9,3.5,4.1,1.85,3.5,4.33,1.9,3.65,4.26,1.91,3.5,4.2,1.9,3.54,4.53,1.92,3.83,4.53,1.89,3.55,4.15,1.93,3.75,4.6,2.03,1.83,2.03,1.86,2.13,1.99,1.98,1.84,2.04,1.94,-0.5,1.9,2,1.91,2,1.92,2.04,1.89,1.97,1.93,2.06
E1,25/08/2024,15:00,Swansea,Cardiff,1,1,D,1,0,H,O Langford,9,7,4,3,14,14,2,5,2,2,0,0,1.95,3.5,3.9,1.95,3.6,3.7,1.91,3.5,3.9,1.99,3.6,3.69,1.95,3.6,3.9,1.97,3.66,3.69,2.01,3.7,3.9,1.97,3.58,3.71,2.06,3.65,3.95,1.88,1.98,1.93,1.91,1.94,2,1.88,1.92,1.93,2,-0.5,2,1.9,2,1.85,2,1.92,1.97,1.87,2.06,1.89,2,3.4,3.9,2,3.5,3.7,1.95,3.3,3.75,2.01,3.51,3.97,2,3.4,3.9,2,3.46,4.12,2.07,3.57,4.12,2,3.46,3.81,2.06,3.55,4.2,2,1.85,1.98,1.9,2.13,1.92,1.96,1.85,2.06,1.92,-0.5,2.03,1.87,2.02,1.89,2.07,1.9,2,1.85,2.06,1.92
E1,30/08/2024,20:00,Luton,QPR,1,2,A,1,0,H,R Madley,11,11,5,4,13,10,4,5,3,2,0,0,1.91,3.5,3.7,1.95,3.6,3.7,1.91,3.6,3.9,1.99,3.66,3.88,2,3.6,3.7,1.96,3.72,3.67,2.02,3.72,3.94,1.97,3.61,3.73,2.04,3.75,4,1.75,2.05,1.79,2.1,1.83,2.12,1.77,2.05,1.83,2.16,-0.5,1.94,1.84,2,1.91,2.02,1.92,1.97,1.88,2.02,1.96,1.85,3.5,3.9,1.88,3.7,3.9,1.9,3.6,4,1.93,3.63,4.13,1.95,3.6,3.9,1.85,3.66,4.13,1.96,3.75,4.13,1.91,3.64,3.91,1.96,3.8,4.3,1.85,2,1.86,2.03,1.88,2.09,1.79,2.02,1.87,2.14,-0.5,1.93,1.97,1.94,1.96,1.98,2.01,1.92,1.92,1.96,2.03
E1,31/08/2024,12:30,Burnley,Blackburn,1,1,D,1,1,D,T Harrington,15,10,3,3,15,19,9,0,4,5,0,1,1.91,3.6,3.8,1.88,3.7,3.9,1.91,3.5,4,1.94,3.71,3.89,1.95,3.6,3.9,1.93,3.74,3.76,1.99,3.75,4,1.93,3.67,3.81,1.96,3.8,4.3,1.8,2,1.83,2.05,1.84,2.14,1.79,2.02,1.83,2.12,-0.5,1.92,1.98,1.95,1.93,1.98,2,1.92,1.92,1.96,2.03,2.15,3.3,3.3,2.1,3.4,3.5,2.1,3.4,3.5,2.21,3.4,3.48,2.2,3.4,3.4,2.08,3.52,3.76,2.21,3.52,3.76,2.11,3.4,3.51,2.24,3.45,3.7,2,1.85,2.02,1.87,2.04,1.96,1.95,1.86,2,1.94,-0.25,1.9,2,1.91,2,1.91,2.1,1.83,2.02,1.92,2.06
E1,31/08/2024,12:30,Cardiff,Middlesbrough,0,2,A,0,0,D,D Webb,12,10,3,5,13,10,4,6,2,1,0,0,3.9,3.75,1.85,4,3.7,1.87,4,3.7,1.87,3.87,3.83,1.92,4.2,3.5,1.91,3.88,3.66,1.92,4.2,3.89,1.94,3.94,3.71,1.89,4.2,3.85,1.96,1.9,1.95,1.93,1.94,1.93,1.98,1.88,1.93,1.94,1.98,0.5,2.01,1.89,1.96,1.93,2.04,1.93,1.96,1.88,2.03,1.96,3.5,3.7,2,3.5,3.5,2.05,3.6,3.5,2,3.67,3.68,2.04,3.6,3.6,2.05,3.71,3.79,2.01,3.83,3.79,2.08,3.59,3.57,2.02,3.8,3.7,2.12,1.88,1.98,1.93,1.96,1.97,2,1.9,1.9,1.92,2.04,0.5,1.85,2.05,1.86,2.05,1.86,2.1,1.81,2.05,1.88,2.12
E1,31/08/2024,12:30,Coventry,Norwich,0,1,A,0,0,D,A Davies,14,9,5,1,11,10,6,3,4,3,0,0,1.83,3.75,4,1.88,3.8,3.8,1.85,3.8,4,1.91,3.81,3.94,1.91,3.75,3.9,1.89,3.82,3.85,1.94,3.9,4.1,1.89,3.78,3.85,1.92,4,4.2,1.67,2.15,1.75,2.15,1.76,2.25,1.71,2.14,1.69,2.26,-0.5,1.9,2,1.92,1.97,1.95,2.02,1.89,1.96,1.92,2.06,1.91,3.7,3.7,1.93,3.8,3.6,1.95,3.7,3.75,1.93,3.91,3.82,2,3.75,3.6,1.96,3.71,3.61,2.01,3.93,3.9,1.95,3.78,3.61,2.02,3.9,3.95,1.6,2.3,1.64,2.37,1.68,2.41,1.61,2.32,1.67,2.42,-0.5,1.95,1.95,1.94,1.96,2.01,1.96,1.95,1.89,2.02,1.96
E1,31/08/2024,15:00,Derby,Bristol City,3,0,H,1,0,H,T Nield,19,13,7,5,15,11,6,9,1,0,0,0,2.9,3.25,2.4,2.85,3.3,2.45,2.88,3.25,2.5,3.06,3.28,2.46,3,3.3,2.45,2.93,3.38,2.41,3.1,3.4,2.5,2.94,3.28,2.45,3.05,3.4,2.58,2.05,1.8,2.06,1.79,2.09,1.83,2.02,1.79,2.06,1.89,0.25,1.81,2.09,1.8,2.11,1.81,2.17,1.76,2.08,1.81,2.2,2.8,3.2,2.55,2.8,3.25,2.55,2.88,3.1,2.55,2.93,3.19,2.67,2.8,3.25,2.6,2.91,3.21,2.48,2.95,3.4,2.67,2.84,3.21,2.56,3,3.25,2.76,2.15,1.67,2.16,1.75,2.26,1.82,2.12,1.72,2.26,1.78,0,2.04,1.86,2.05,1.86,2.05,1.88,2.02,1.84,2.07,1.91
E1,31/08/2024,15:00,Leeds,Hull,2,0,H,0,0,D,G Ward,16,9,5,2,12,15,8,7,2,1,0,0,1.33,5.25,9,1.34,5.25,8.25,1.3,5.5,10,1.32,5.4,9.66,1.3,5.8,10,1.34,5.25,8.7,1.36,5.8,10,1.33,5.3,9.01,1.35,5.9,10.5,1.6,2.3,1.63,2.34,1.64,2.43,1.61,2.32,1.64,2.46,-1.5,2,1.9,1.99,1.9,2.02,1.92,1.97,1.86,2.05,1.91,1.44,4.5,7,1.44,4.75,6.75,1.33,5,8.5,1.44,4.81,7.46,1.4,4.8,8,1.4,4.7,7.7,1.45,5.2,8.6,1.4,4.83,7.46,1.46,5,8.4,1.67,2.15,1.7,2.24,1.7,2.32,1.64,2.25,1.73,2.34,-1.25,2.01,1.89,2,1.91,2.05,2,1.92,1.91,1.99,1.96
E1,31/08/2024,15:00,Millwall,Sheffield Weds,3,0,H,0,0,D,L Doughty,18,4,4,1,16,13,6,6,2,1,0,0,2.38,3.3,2.9,2.37,3.3,2.95,2.4,3.3,2.88,2.44,3.35,3.02,2.5,3.25,3,2.44,3.32,2.94,2.5,3.41,3.06,2.42,3.32,2.95,2.56,3.4,3.05,2.08,1.73,2.15,1.73,2.19,1.76,2.11,1.72,2.14,1.76,-0.25,2.1,1.8,2.11,1.8,2.13,1.8,2.07,1.78,2.17,1.82,2.35,3.2,3.1,2.4,3.2,3.1,2.4,3.2,3,2.41,3.26,3.2,2.5,3.1,3.1,2.36,3.21,3.11,2.5,3.3,3.2,2.4,3.2,3.09,2.48,3.35,3.3,2.25,1.62,2.31,1.66,2.36,1.66,2.29,1.62,2.38,1.7,-0.25,2.06,1.84,2.07,1.85,2.11,1.85,2.03,1.81,2.12,1.88
E1,31/08/2024,15:00,Oxford,Preston,3,1,H,1,1,D,K Stroud,10,10,5,4,8,21,2,5,2,2,0,1,2.4,3.3,2.9,2.45,3.3,2.87,2.4,3.3,2.9,2.49,3.43,2.89,2.45,3.3,3,2.46,3.42,2.84,2.52,3.5,3,2.44,3.37,2.88,2.52,3.5,3.05,2.03,1.83,2,1.87,2.13,1.9,1.99,1.82,2,1.84,-0.25,2.11,1.79,2.14,1.75,2.14,1.81,2.09,1.76,2.16,1.84,2.7,3.25,2.63,2.6,3.25,2.7,2.63,3.25,2.75,2.78,3.29,2.71,2.62,3.25,2.8,2.7,3.26,2.63,2.78,3.35,2.85,2.67,3.26,2.69,2.82,3.35,2.82,2.1,1.7,2.15,1.76,2.17,1.88,2.07,1.73,2.22,1.8,0,1.98,1.92,1.98,1.93,2,1.96,1.94,1.92,2,1.99
E1,31/08/2024,15:00,Plymouth,Stoke,0,1,A,0,0,D,O Langford,15,15,7,7,14,17,10,4,1,3,0,0,3.1,3.6,2.15,3.1,3.6,2.15,3.1,3.6,2.15,3.25,3.69,2.18,3.2,3.6,2.2,3.18,3.7,2.14,3.27,3.76,2.21,3.17,3.62,2.17,3.3,3.85,2.24,1.7,2.1,1.71,2.19,1.76,2.25,1.7,2.16,1.7,2.28,0.25,2,1.9,1.99,1.9,2,1.91,1.95,1.87,2.03,1.95,3.1,3.9,2.1,3.2,3.8,2.1,3.3,3.8,2,3.24,3.98,2.11,3.2,3.75,2.15,3.21,3.89,2.05,3.3,3.99,2.15,3.17,3.86,2.09,3.35,4,2.16,1.5,2.5,1.54,2.61,1.58,2.61,1.52,2.5,1.57,2.68,0.25,2.03,1.87,2.05,1.86,2.05,1.89,2,1.84,2.09,1.89
E1,31/08/2024,15:00,Portsmouth,Sunderland,1,3,A,0,1,A,S Allison,6,11,2,4,14,14,5,5,3,1,0,0,3.3,3.7,2.05,3.6,3.5,2,3.4,3.5,2.05,3.45,3.54,2.14,3.6,3.4,2.1,3.49,3.5,2.1,3.7,3.7,2.14,3.48,3.53,2.07,3.7,3.75,2.14,2,1.85,2.06,1.83,2.06,1.9,1.97,1.84,2.04,1.87,0.5,1.78,2.03,1.76,2.13,1.83,2.13,1.8,2.05,1.86,2.14,3.7,3.7,1.91,3.75,3.5,1.98,3.75,3.4,2,4.01,3.58,1.98,3.8,3.4,2.05,3.86,3.72,1.89,4.01,3.72,2.05,3.77,3.51,1.99,4.2,3.6,2.04,2.05,1.75,2.09,1.8,2.12,1.84,2.04,1.77,2.12,1.87,0.5,1.92,1.98,1.92,1.99,1.93,2.05,1.86,2,1.95,2.04
E1,31/08/2024,15:00,West Brom,Swansea,1,0,H,1,0,H,A Backhouse,18,6,5,2,8,11,6,7,4,1,0,0,1.8,3.5,4.5,1.87,3.6,4.1,1.83,3.5,4.5,1.86,3.7,4.27,1.83,3.7,4.33,1.86,3.66,4.15,1.89,3.8,4.6,1.85,3.63,4.24,1.89,3.75,4.7,1.98,1.88,2,1.87,2.04,1.91,1.96,1.85,2.06,1.87,-0.5,1.86,2.04,1.87,2.02,1.87,2.06,1.84,2.01,1.89,2.08,1.9,3.4,4.2,1.87,3.6,4.1,1.87,3.5,4.2,1.93,3.59,4.2,1.85,3.7,4.2,1.87,3.4,4.35,1.97,3.7,4.5,1.89,3.53,4.15,1.97,3.7,4.4,2,1.85,2.04,1.85,2.06,1.88,1.98,1.82,2.06,1.91,-0.5,1.92,1.98,1.93,1.97,1.97,1.98,1.89,1.95,1.97,2.02
E1,01/09/2024,15:00,Sheffield United,Watford,1,0,H,1,0,H,A Kitchen,18,7,7,1,15,12,8,5,5,3,0,0,1.75,3.75,4.33,1.8,3.8,4.2,1.75,3.9,4.5,1.76,3.97,4.28,1.8,3.7,4.5,1.78,3.85,4.34,1.8,4.1,4.5,1.78,3.85,4.3,1.81,4,4.8,1.83,2.03,1.84,2,1.87,2.06,1.81,1.99,1.87,2.04,-0.75,2.03,1.87,1.99,1.86,2.04,1.9,1.99,1.84,2.01,1.9,1.8,3.8,3.9,1.83,3.9,4,1.73,3.75,4.2,1.86,3.97,4.06,1.85,3.75,4.2,1.86,3.86,3.83,1.86,4,4.4,1.81,3.85,4.12,1.88,4,4.4,1.67,2.15,1.72,2.21,1.76,2.3,1.69,2.15,1.75,2.3,-0.5,1.85,2.05,1.87,2.04,1.87,2.11,1.81,2.04,1.88,2.12
E1,13/09/2024,20:00,Hull,Sheffield United,0,2,A,0,1,A,P Bankes,10,9,2,4,6,10,16,3,1,4,0,0,3.25,3.5,2.1,3.25,3.4,2.15,3.4,3.4,2.1,3.45,3.51,2.15,3.3,3.5,2.2,3.32,3.52,2.14,3.47,3.56,2.2,3.36,3.44,2.15,3.55,3.6,2.22,1.88,1.98,1.9,1.97,1.95,2.02,1.87,1.93,1.96,2.02,0.25,2.01,1.89,2.02,1.86,2.02,1.91,1.98,1.84,2.07,1.92,3.1,3.6,2.15,3.1,3.5,2.2,3.3,3.5,2.1,3.21,3.65,2.21,3.3,3.5,2.2,3.23,3.62,2.11,3.41,3.67,2.25,3.23,3.55,2.17,3.35,3.7,2.28,1.73,2.1,1.76,2.12,1.91,2.19,1.78,2.04,1.81,2.2,0.25,1.98,1.92,1.96,1.93,2.01,1.96,1.95,1.88,2.01,1.98
E1,14/09/2024,12:30,Leeds,Burnley,0,1,A,0,1,A,J Bell,17,7,4,3,8,13,9,3,3,4,0,1,1.73,3.8,4.75,1.72,3.8,4.6,1.7,3.8,4.75,1.71,3.82,4.76,1.73,3.8,5,1.74,3.85,4.63,1.76,3.99,5,1.72,3.86,4.7,1.79,3.95,5.1,1.85,2,1.87,1.97,1.89,2.04,1.84,1.97,1.87,2.04,-0.75,1.95,1.95,1.93,1.92,1.97,2.01,1.91,1.92,2,1.95,1.6,3.9,5.5,1.63,4,5.25,1.62,3.9,5.5,1.61,4.12,5.7,1.65,3.9,5.5,1.61,3.93,5.48,1.68,4.12,5.7,1.63,3.97,5.33,1.65,4.2,6,1.85,2,1.89,2,2.02,2.04,1.86,1.95,1.94,2.04,-1,2.06,1.84,2.08,1.84,2.16,1.87,2.09,1.79,2.12,1.88
E1,14/09/2024,12:30,Millwall,Luton,0,1,A,0,1,A,J Smith,11,10,3,6,8,20,6,4,2,3,0,0,2.63,3.3,2.63,2.6,3.4,2.65,2.63,3.3,2.7,2.65,3.31,2.68,2.62,3.3,2.75,2.6,3.36,2.68,2.72,3.45,2.75,2.64,3.33,2.67,2.74,3.5,2.82,2,1.8,2.06,1.78,2.12,1.81,2.05,1.77,2.14,1.79,0,1.95,1.95,1.92,1.93,1.98,1.99,1.92,1.94,1.96,2.02,2.45,3.2,3,2.45,3.2,2.95,2.45,3.2,3,2.57,3.13,3.08,2.5,3.2,3,2.34,3.25,3.11,2.57,3.3,3.11,2.47,3.19,3,2.62,3.35,3.1,2.3,1.62,2.34,1.65,2.4,1.71,2.27,1.63,2.42,1.69,-0.25,2.11,1.79,2.18,1.75,2.18,1.8,2.11,1.76,2.22,1.8
E1,14/09/2024,12:30,Oxford,Stoke,1,0,H,0,0,D,D Whitestone,14,9,8,1,5,6,4,6,0,1,0,0,3.1,3.4,2.25,3,3.4,2.3,3.2,3.4,2.2,3.15,3.36,2.28,3.2,3.4,2.3,3.12,3.44,2.27,3.25,3.45,2.34,3.14,3.38,2.27,3.35,3.5,2.38,1.98,1.88,1.97,1.87,2,1.9,1.96,1.85,2,1.94,0.25,1.91,1.99,1.88,1.98,1.95,2,1.87,1.95,1.94,2.04,3,3.4,2.3,3,3.4,2.3,3.1,3.4,2.3,3.1,3.48,2.36,3.1,3.3,2.38,3.12,3.42,2.25,3.13,3.5,2.39,3.05,3.42,2.32,3.2,3.55,2.4,1.88,1.98,1.9,1.99,1.93,2.01,1.88,1.93,1.94,2.04,0.25,1.85,2.05,1.86,2.05,1.86,2.06,1.84,2,1.92,2.07
E1,14/09/2024,15:00,Blackburn,Bristol City,3,0,H,1,0,H,S Martin,9,8,3,2,13,15,6,6,0,4,0,0,2.05,3.4,3.4,2.1,3.5,3.3,2.1,3.4,3.4,2.17,3.45,3.31,2.15,3.4,3.5,2.14,3.52,3.32,2.22,3.6,3.55,2.14,3.48,3.34,2.22,3.6,3.65,1.93,1.93,1.93,1.9,1.96,1.98,1.91,1.9,1.95,1.99,-0.25,1.87,2.03,1.88,1.96,1.9,2.07,1.84,1.99,1.91,2.08,2.35,3.3,3,2.3,3.4,3.1,2.25,3.3,3.25,2.39,3.44,3.09,2.38,3.4,3,2.32,3.5,3.19,2.42,3.52,3.29,2.28,3.41,3.13,2.44,3.45,3.3,1.98,1.88,1.99,1.9,2,1.92,1.94,1.87,2.02,1.94,-0.25,2.05,1.85,2.06,1.85,2.08,1.95,1.96,1.88,2.08,1.9
E1,14/09/2024,15:00,Derby,Cardiff,1,0,H,1,0,H,M Donohue,12,9,3,3,12,10,7,6,2,3,0,0,2.35,3.4,3,2.35,3.3,3,2.3,3.25,3.1,2.31,3.27,3.17,2.45,3.25,3,2.42,3.34,2.95,2.45,3.4,3.26,2.35,3.3,3.07,2.46,3.4,3.3,2.1,1.73,2.11,1.75,2.15,1.81,2.08,1.75,2.16,1.8,-0.25,2.05,1.85,2,1.86,2.09,1.87,2.01,1.83,2.09,1.89,2.2,3.4,3.25,2.25,3.25,3.2,2.2,3.2,3.4,2.25,3.28,3.53,2.3,3.3,3.25,2.21,3.5,3.42,2.33,3.5,3.53,2.26,3.29,3.28,2.34,3.35,3.6,2.2,1.67,2.24,1.7,2.35,1.75,2.18,1.69,2.3,1.74,-0.25,1.91,1.99,1.93,1.98,1.99,1.99,1.94,1.9,1.99,2
E1,14/09/2024,15:00,Middlesbrough,Preston,1,1,D,1,1,D,T Nield,16,6,6,2,6,21,9,2,0,5,0,0,1.45,4.2,7,1.49,4.5,6.25,1.4,4.5,7.5,1.46,4.51,6.67,1.5,4.33,7,1.45,4.6,6.9,1.5,4.75,7.5,1.46,4.53,6.77,1.49,4.9,7.8,1.73,2.1,1.75,2.11,1.79,2.17,1.73,2.1,1.79,2.12,-1.25,2.07,1.83,2.06,1.81,2.11,1.89,2.03,1.82,2.09,1.86,1.53,4.2,6,1.51,4.5,5.75,1.5,4.5,6,1.55,4.5,5.93,1.5,4.4,7,1.57,4.31,6.15,1.57,4.7,7,1.52,4.42,5.98,1.56,4.7,6.4,1.67,2.2,1.7,2.24,1.7,2.35,1.65,2.24,1.71,2.36,-1,1.91,1.99,1.92,1.99,1.95,2.08,1.86,2,1.92,2.04
E1,14/09/2024,15:00,Plymouth,Sunderland,3,2,H,0,1,A,J Brooks,13,17,6,7,14,12,3,5,4,4,0,0,4.5,3.6,1.75,4.2,3.7,1.8,4.4,3.75,1.75,4.43,3.74,1.78,4.6,3.9,1.75,4.1,3.84,1.83,4.6,3.9,1.83,4.31,3.74,1.8,4.8,4,1.82,1.73,2.1,1.72,2.15,1.77,2.25,1.73,2.1,1.75,2.2,0.75,1.86,2.04,1.84,2.02,1.88,2.07,1.81,2.01,1.92,2.05,5.25,3.8,1.65,4.75,3.9,1.68,5,3.9,1.67,5.05,4.08,1.68,5,4,1.67,5.26,3.8,1.65,5.26,4.1,1.7,4.96,3.94,1.67,5.5,4.1,1.72,1.73,2.1,1.75,2.16,1.77,2.23,1.71,2.13,1.75,2.28,0.75,2.05,1.85,2.03,1.88,2.08,1.92,2,1.84,2.08,1.9
E1,14/09/2024,15:00,Sheffield Weds,QPR,1,1,D,0,0,D,O Langford,13,13,2,4,6,7,11,4,0,3,0,0,2.3,3.3,3.2,2.3,3.4,3,2.3,3.25,3.1,2.29,3.33,3.16,2.38,3.3,3.1,2.29,3.4,3.12,2.38,3.41,3.26,2.3,3.33,3.14,2.4,3.45,3.35,2,1.8,2.05,1.8,2.11,1.83,2.03,1.78,2.1,1.86,-0.25,2,1.9,1.98,1.87,2.02,1.92,1.96,1.86,2.05,1.93,2.2,3.4,3.2,2.25,3.4,3.2,2.2,3.3,3.3,2.29,3.44,3.26,2.3,3.4,3.2,2.26,3.5,3.3,2.31,3.5,3.3,2.25,3.39,3.2,2.32,3.45,3.55,1.98,1.88,1.98,1.91,2.02,1.93,1.93,1.87,2.02,1.95,-0.25,1.97,1.93,1.98,1.93,2,1.99,1.94,1.9,1.98,2
E1,14/09/2024,15:00,Swansea,Norwich,1,0,H,1,0,H,J Busby,9,13,4,3,14,14,4,5,2,3,0,0,2.3,3.3,3,2.35,3.4,2.95,2.3,3.4,3,2.34,3.46,2.97,2.38,3.4,3,2.34,3.5,2.95,2.39,3.57,3.07,2.33,3.45,2.97,2.46,3.6,3.1,1.88,1.98,1.88,1.96,1.92,2,1.86,1.94,1.9,2.02,-0.25,2.06,1.84,2.04,1.83,2.08,1.87,2.01,1.83,2.11,1.86,2.35,3.3,3,2.35,3.4,2.95,2.3,3.3,3,2.41,3.43,3.06,2.4,3.4,3,2.36,3.31,3.01,2.44,3.45,3.09,2.38,3.36,2.98,2.44,3.5,3.2,1.93,1.93,1.94,1.94,2,1.94,1.91,1.89,2,1.97,-0.25,2.08,1.82,2.09,1.83,2.11,1.85,2.04,1.8,2.09,1.89
E1,14/09/2024,15:00,Watford,Coventry,1,1,D,0,1,A,R Madley,18,17,6,5,9,10,6,10,2,2,0,0,2.6,3.4,2.7,2.6,3.5,2.55,2.55,3.4,2.7,2.6,3.47,2.63,2.7,3.3,2.7,2.62,3.44,2.62,2.7,3.57,2.7,2.6,3.44,2.64,2.7,3.6,2.78,1.83,2.03,1.79,2.03,1.85,2.11,1.8,2.02,1.84,2.06,0,1.91,1.99,1.92,1.93,1.94,2,1.91,1.94,1.95,2.02,2.45,3.4,2.75,2.5,3.4,2.7,2.45,3.4,2.75,2.54,3.44,2.87,2.6,3.4,2.75,2.54,3.51,2.85,2.6,3.51,2.89,2.5,3.4,2.79,2.62,3.6,2.88,1.85,2,1.86,2.03,1.9,2.06,1.83,1.99,1.88,2.12,0,1.83,2.07,1.84,2.08,1.85,2.09,1.83,2.05,1.9,2.09
E1,15/09/2024,15:00,Portsmouth,West Brom,0,3,A,0,1,A,L Doughty,14,19,0,7,18,6,10,4,5,2,0,0,4,3.5,1.9,3.8,3.5,1.95,4,3.6,1.91,4.18,3.61,1.85,4,3.5,1.95,4.06,3.64,1.89,4.33,3.74,1.98,4.02,3.57,1.91,4.2,3.8,1.96,1.98,1.88,1.95,1.86,2.04,1.9,1.95,1.85,2.02,1.87,0.5,1.98,1.92,1.98,1.86,1.99,1.98,1.92,1.92,2.02,1.96,4.1,3.5,1.85,4.1,3.6,1.85,4.1,3.5,1.8,4.21,3.67,1.9,4.2,3.5,1.91,4.35,3.58,1.92,4.35,3.7,1.96,4.07,3.57,1.9,4.4,3.75,1.96,1.93,1.93,1.97,1.92,1.99,2,1.93,1.88,2,1.98,0.5,2,1.9,1.99,1.91,2.04,1.95,1.94,1.91,2.03,1.96
E1,20/09/2024,20:00,Stoke,Hull,1,3,A,1,0,H,B Toner,14,13,2,3,12,10,2,5,3,2,0,0,2.1,3.3,3.5,2.1,3.5,3.4,2.05,3.4,3.5,2.13,3.52,3.57,2.15,3.5,3.4,2.12,3.45,3.46,2.17,3.58,3.6,2.1,3.47,3.46,2.16,3.6,3.75,1.93,1.93,1.93,1.95,2,1.95,1.91,1.9,2,1.99,-0.25,1.83,2.07,1.85,2.07,1.85,2.11,1.81,2.03,1.86,2.13,2.1,3.3,3.4,2.1,3.5,3.3,2.15,3.4,3.4,2.16,3.52,3.5,2.15,3.5,3.4,2.09,3.35,3.57,2.2,3.59,3.57,2.14,3.44,3.38,2.22,3.6,3.6,1.88,1.98,1.91,1.98,1.92,2.02,1.87,1.94,1.94,2.04,-0.25,1.86,2.04,1.87,2.04,1.91,2.06,1.84,2,1.93,2.06
E1,21/09/2024,12:30,Norwich,Watford,4,1,H,2,1,H,A Backhouse,19,11,8,3,6,8,3,5,2,1,0,0,2.15,3.5,3.2,2.2,3.6,3.1,2.15,3.4,3.3,2.16,3.61,3.33,2.25,3.4,3.3,2.17,3.52,3.26,2.25,3.65,3.39,2.17,3.51,3.25,2.26,3.65,3.45,1.93,1.93,1.93,1.94,1.96,1.95,1.9,1.9,1.96,1.98,-0.25,1.9,2,1.88,2.01,1.92,2.01,1.87,1.95,1.95,2.03,2,3.7,3.3,2.05,3.6,3.4,2,3.6,3.4,2.06,3.72,3.58,2.1,3.5,3.5,2.03,3.75,3.35,2.18,3.75,3.58,2.05,3.66,3.41,2.12,3.85,3.65,1.73,2.1,1.76,2.15,1.77,2.23,1.73,2.12,1.78,2.26,-0.25,1.75,2.05,1.79,2.12,1.88,2.2,1.78,2.06,1.84,2.16
E1,21/09/2024,12:30,QPR,Millwall,1,1,D,1,1,D,J Busby,7,16,2,5,9,12,5,10,2,1,0,0,2.3,3.4,3.1,2.25,3.3,3.2,2.3,3.2,3.2,2.38,3.28,3.19,2.38,3.2,3.2,2.34,3.28,3.13,2.42,3.4,3.3,2.32,3.27,3.15,2.44,3.35,3.35,2.2,1.67,2.26,1.67,2.32,1.74,2.2,1.67,2.28,1.72,-0.25,2.03,1.87,2.05,1.85,2.05,1.9,1.98,1.85,2.07,1.91,2.35,3.3,3,2.37,3.2,3.1,2.3,3.1,3.2,2.43,3.24,3.19,2.45,3.2,3.1,2.3,3.31,3.12,2.48,3.32,3.27,2.37,3.23,3.11,2.46,3.3,3.35,2.3,1.62,2.4,1.62,2.42,1.68,2.3,1.62,2.44,1.66,-0.25,2.08,1.82,2.08,1.84,2.11,1.85,2.03,1.82,2.08,1.91
E1,21/09/2024,12:30,Sunderland,Middlesbrough,1,0,H,1,0,H,S Hooper,9,11,2,1,8,15,3,5,3,2,0,0,2.4,3.4,2.8,2.4,3.4,2.8,2.45,3.4,2.8,2.52,3.45,2.83,2.5,3.4,2.88,2.46,3.46,2.78,2.53,3.53,2.88,2.46,3.43,2.82,2.58,3.65,2.92,1.9,1.95,1.92,1.95,1.94,1.99,1.88,1.93,1.91,2.06,0,1.81,2.09,1.83,2.06,1.83,2.17,1.8,2.07,1.87,2.12,2.6,3.4,2.55,2.6,3.4,2.6,2.63,3.3,2.63,2.74,3.45,2.64,2.6,3.4,2.75,2.54,3.44,2.68,2.74,3.5,2.8,2.63,3.4,2.64,2.82,3.5,2.76,1.93,1.93,1.96,1.93,1.98,1.96,1.9,1.9,1.98,1.98,0,1.98,1.92,1.99,1.92,2,1.96,1.94,1.92,2.02,1.97
E1,21/09/2024,15:00,Bristol City,Oxford,2,1,H,0,1,A,W Finnie,19,7,6,2,16,14,5,1,1,4,0,0,1.75,3.6,4.75,1.78,3.6,4.5,1.75,3.5,4.75,1.76,3.75,4.58,1.83,3.5,4.75,1.8,3.6,4.59,1.83,3.88,4.75,1.78,3.66,4.57,1.83,3.8,5.1,1.98,1.88,1.91,1.94,2,1.96,1.92,1.89,1.99,1.93,-0.75,2.05,1.85,2.01,1.87,2.05,1.88,2,1.83,2.07,1.89,1.75,3.7,4.5,1.78,3.75,4.33,1.75,3.6,4.5,1.81,3.84,4.51,1.83,3.6,4.5,1.76,3.72,4.52,1.83,3.93,4.6,1.79,3.73,4.41,1.84,3.9,4.8,1.85,2,1.88,2.01,1.93,2.02,1.86,1.95,1.95,2.02,-0.75,2.05,1.85,2.06,1.85,2.06,1.87,2.01,1.83,2.09,1.89
E1,21/09/2024,15:00,Burnley,Portsmouth,2,1,H,0,1,A,D Webb,18,5,4,2,15,4,4,2,2,2,0,0,1.48,4.2,7,1.49,4.4,6.25,1.44,4.6,7,1.47,4.49,6.51,1.5,4.2,7,1.49,4.33,6.7,1.51,4.7,7.2,1.48,4.42,6.65,1.5,4.8,7.8,1.73,2.1,1.75,2.13,1.79,2.15,1.74,2.09,1.79,2.14,-1.25,2.09,1.81,2.09,1.8,2.16,1.81,2.06,1.77,2.08,1.86,1.48,4.2,6.5,1.46,4.6,6.5,1.44,4.5,7,1.48,4.61,6.83,1.5,4.33,7.5,1.54,4.35,6.73,1.54,4.61,7.5,1.48,4.44,6.73,1.52,4.7,7.6,1.73,2.1,1.75,2.16,1.82,2.19,1.73,2.12,1.8,2.22,-1.25,2.08,1.82,2.11,1.82,2.11,1.86,2.06,1.8,2.19,1.82
E1,21/09/2024,15:00,Cardiff,Leeds,0,2,A,0,1,A,J Smith,3,15,2,7,10,14,0,4,2,2,1,0,5.25,4,1.62,5,3.9,1.65,5.5,4,1.62,4.87,4.12,1.65,5.5,3.8,1.67,5.25,3.94,1.65,5.5,4.33,1.69,5.13,4.01,1.64,5.9,4.2,1.65,1.93,1.93,1.95,1.9,1.97,1.97,1.9,1.9,2,1.94,0.75,2.09,1.81,2.03,1.85,2.13,1.85,2.03,1.8,2.15,1.84,5.25,3.8,1.62,5.25,3.75,1.68,5,3.8,1.65,5.39,4.03,1.66,5.8,3.7,1.67,5.46,3.95,1.68,5.8,4.03,1.7,5.24,3.88,1.66,5.9,4,1.7,2.05,1.8,2.08,1.83,2.13,1.85,2.02,1.8,2.14,1.87,0.75,2.07,1.83,2.06,1.85,2.11,1.94,2,1.84,2.09,1.89
E1,21/09/2024,15:00,Coventry,Swansea,1,2,A,1,2,A,J Linington,20,11,7,4,12,5,6,3,2,3,0,0,1.7,3.6,5,1.77,3.9,4.2,1.7,3.8,4.75,1.71,3.93,4.62,1.73,4,4.6,1.74,3.98,4.42,1.77,4.1,5,1.73,3.9,4.51,1.78,4,5.2,1.73,2.1,1.72,2.14,1.74,2.19,1.71,2.13,1.73,2.24,-0.75,1.95,1.95,1.93,1.93,1.98,1.95,1.92,1.9,1.99,1.98,1.9,3.6,3.9,1.9,3.9,3.6,1.87,3.7,4,1.92,3.83,3.96,1.91,3.9,3.75,1.9,3.61,3.91,1.95,4,4,1.9,3.76,3.82,1.96,3.9,4.1,1.62,2.3,1.64,2.36,1.65,2.4,1.6,2.33,1.66,2.46,-0.5,1.92,1.98,1.93,1.98,1.96,2,1.91,1.95,1.96,2.02
E1,21/09/2024,15:00,Luton,Sheffield Weds,2,1,H,0,0,D,G Ward,15,12,3,6,9,14,8,5,1,1,0,1,1.9,3.5,4,1.93,3.5,3.9,1.85,3.6,4.2,1.89,3.6,4.05,1.91,3.6,4,1.93,3.6,3.91,1.95,3.72,4.2,1.91,3.58,3.96,1.94,3.8,4.4,1.85,2,1.85,2,1.9,2.04,1.84,1.97,1.88,2.02,-0.5,1.92,1.98,1.91,1.96,1.96,1.99,1.91,1.94,1.94,2.05,1.95,3.5,3.9,1.95,3.5,3.75,1.95,3.5,3.9,2,3.55,3.96,2,3.5,3.9,1.94,3.49,3.89,2.04,3.6,4,1.97,3.51,3.84,2.04,3.7,4.1,1.98,1.88,1.97,1.92,2,1.95,1.92,1.89,2.02,1.96,-0.5,2.01,1.89,2.01,1.9,2.04,1.91,1.98,1.87,2.04,1.94
E1,21/09/2024,15:00,Sheffield United,Derby,1,0,H,0,0,D,A Madley,18,3,5,0,11,13,11,2,3,2,0,0,1.57,4.1,5.5,1.58,4.2,5.5,1.53,4.33,5.5,1.58,4.34,5.12,1.6,4,5.8,1.61,4.15,5.3,1.62,4.5,6,1.58,4.26,5.4,1.61,4.4,6,1.8,2,1.76,2.1,1.88,2.12,1.79,2.03,1.84,2.1,-1,2.03,1.87,2.03,1.85,2.04,1.89,2,1.84,2.06,1.91,1.75,3.8,4.5,1.77,3.8,4.4,1.73,3.8,4.75,1.78,4.06,4.4,1.75,3.75,4.75,1.77,3.89,4.78,1.79,4.1,4.78,1.75,3.89,4.48,1.81,4,4.8,1.88,1.98,1.88,2,1.99,2.05,1.87,1.94,1.91,2.06,-0.75,2.03,1.87,2.02,1.89,2.06,1.91,1.98,1.86,2.06,1.94
E1,21/09/2024,15:00,West Brom,Plymouth,1,0,H,0,0,D,A Kitchen,17,17,4,4,9,9,5,2,3,2,0,0,1.38,4.5,8,1.41,5,7,1.36,5,8,1.37,5.12,7.42,1.4,4.75,8,1.41,4.75,7.6,1.41,5.3,8,1.39,4.95,7.56,1.41,5.4,8.6,1.57,2.38,1.55,2.52,1.57,2.54,1.55,2.42,1.58,2.56,-1.25,1.85,2.05,1.83,2.05,1.9,2.06,1.84,1.99,1.86,2.09,1.36,4.75,8,1.39,5.25,7,1.36,5,7.5,1.39,5.3,7.59,1.4,5,7.5,1.43,4.91,7.91,1.43,5.5,8,1.39,5.08,7.46,1.41,5.6,8.6,1.53,2.5,1.51,2.67,1.56,2.74,1.5,2.58,1.57,2.7,-1.5,2.07,1.83,2.08,1.82,2.1,1.85,2.04,1.81,2.14,1.85
E1,22/09/2024,12:00,Preston,Blackburn,0,0,D,0,0,D,M Donohue,7,6,5,3,10,16,4,4,4,4,1,1,2.63,3.3,2.55,2.65,3.3,2.6,2.75,3.3,2.55,2.81,3.25,2.59,2.8,3.25,2.6,2.73,3.36,2.56,2.88,3.36,2.65,2.75,3.27,2.58,2.92,3.45,2.7,2,1.8,2.07,1.78,2.12,1.82,2.04,1.78,2.08,1.83,0,2.02,1.88,2.01,1.85,2.04,1.91,1.99,1.86,2.07,1.91,2.8,3.4,2.4,2.9,3.3,2.4,2.8,3.1,2.4,2.98,3.35,2.51,2.9,3.3,2.5,2.93,3.43,2.35,3,3.43,2.53,2.89,3.31,2.46,3.05,3.4,2.62,2.03,1.83,2.06,1.84,2.06,1.88,2,1.81,2.14,1.86,0,2.1,1.8,2.14,1.8,2.14,1.81,2.1,1.79,2.15,1.86
E1,27/09/2024,20:00,Plymouth,Luton,3,1,H,1,0,H,J Busby,19,16,6,2,4,13,3,15,1,4,0,0,4,3.7,1.85,3.75,3.8,1.9,3.9,3.8,1.87,3.92,4,1.88,3.9,3.75,1.91,3.76,3.88,1.89,4,4,1.92,3.81,3.85,1.89,4.1,4,1.95,1.62,2.3,1.6,2.44,1.63,2.44,1.59,2.36,1.66,2.46,0.5,2,1.9,2.01,1.89,2.02,1.92,1.96,1.89,2.04,1.95,3.8,3.6,1.91,3.6,3.75,1.95,3.75,3.8,1.91,3.72,3.86,1.97,3.7,3.7,2,4.07,3.72,1.94,4.07,3.9,2,3.69,3.76,1.94,4,4,1.99,1.62,2.3,1.65,2.33,1.65,2.38,1.61,2.31,1.68,2.44,0.5,1.95,1.95,1.93,1.98,1.97,1.98,1.9,1.95,2,1.99
E1,28/09/2024,12:30,Blackburn,QPR,2,0,H,0,0,D,C Pawson,19,6,12,1,16,11,8,2,3,2,0,1,2,3.6,3.4,2,3.4,3.7,2,3.4,3.7,2.07,3.59,3.61,2.1,3.4,3.6,2.05,3.55,3.55,2.1,3.66,3.8,2.04,3.52,3.57,2.12,3.65,3.85,1.95,1.9,1.93,1.93,2.04,1.94,1.92,1.88,2.04,1.93,-0.5,2.07,1.83,2.08,1.83,2.08,1.87,2.03,1.82,2.12,1.87,1.95,3.6,3.6,1.95,3.4,3.9,1.95,3.4,4,2.02,3.5,3.93,1.95,3.6,3.9,1.88,3.72,3.9,2.02,3.72,4.1,1.96,3.51,3.85,2.02,3.6,4.3,2.05,1.8,2.08,1.82,2.08,1.84,2.01,1.8,2.12,1.86,-0.5,2.03,1.87,2.03,1.88,2.04,1.92,1.99,1.86,2.02,1.97
E1,28/09/2024,12:30,Derby,Norwich,2,3,A,0,1,A,O Langford,16,10,5,5,13,7,9,5,3,2,0,0,2.63,3.6,2.5,2.7,3.4,2.55,2.63,3.4,2.6,2.8,3.48,2.54,2.75,3.5,2.5,2.73,3.42,2.52,2.83,3.6,2.6,2.73,3.44,2.52,2.88,3.55,2.66,1.98,1.88,1.98,1.88,2.04,1.91,1.94,1.86,2.06,1.88,0,2.03,1.87,2.04,1.85,2.04,1.89,2.01,1.85,2.09,1.89,2.7,3.5,2.45,2.8,3.3,2.5,2.8,3.3,2.5,2.85,3.44,2.55,2.8,3.3,2.6,2.82,3.52,2.39,2.87,3.52,2.6,2.78,3.38,2.51,3,3.5,2.6,2,1.8,2.07,1.83,2.13,1.84,2.02,1.79,2.12,1.89,0,2.08,1.82,2.07,1.85,2.12,1.86,2.06,1.82,2.14,1.85
E1,28/09/2024,12:30,Sheffield Weds,West Brom,3,2,H,2,0,H,B Toner,12,12,5,3,11,14,5,4,5,3,0,0,3,3.4,2.3,2.95,3.3,2.37,3.1,3.3,2.3,3.12,3.39,2.36,3.1,3.25,2.4,3.05,3.36,2.34,3.18,3.41,2.4,3.05,3.33,2.35,3.25,3.45,2.42,2.1,1.73,2.11,1.78,2.12,1.8,2.07,1.75,2.14,1.78,0.25,1.87,2.03,1.85,2.04,1.88,2.05,1.83,2,1.9,2.08,2.63,3.4,2.6,2.8,3.3,2.5,2.8,3.3,2.55,2.73,3.43,2.66,2.8,3.3,2.6,2.82,3.42,2.44,2.88,3.45,2.66,2.8,3.35,2.53,2.94,3.45,2.68,2.1,1.73,2.1,1.79,2.13,1.81,2.05,1.77,2.18,1.83,0,1.98,1.92,1.98,1.93,2.05,1.93,2.01,1.86,2.08,1.91
E1,28/09/2024,15:00,Hull,Cardiff,4,1,H,2,1,H,L Doughty,18,16,9,5,9,12,7,5,3,4,0,0,1.85,4.1,3.5,1.93,3.5,3.9,1.85,3.8,4,1.88,3.81,3.9,1.91,3.75,3.8,1.93,3.65,3.84,1.93,4.1,4,1.89,3.76,3.84,1.93,4,4.2,1.93,1.93,1.93,1.93,1.95,1.95,1.91,1.89,1.96,1.97,-0.5,1.91,1.99,1.89,1.98,1.93,2,1.89,1.95,1.93,2.06,1.8,3.8,4.2,1.83,3.6,4.33,1.75,3.6,4.4,1.83,3.82,4.41,1.85,3.6,4.33,1.82,3.89,4.46,1.86,3.89,4.5,1.82,3.71,4.32,1.87,3.85,4.7,2.03,1.83,2.03,1.87,2.13,1.92,1.99,1.82,2.08,1.89,-0.5,1.84,2.06,1.84,2.08,1.87,2.09,1.82,2.03,1.87,2.13
E1,28/09/2024,15:00,Leeds,Coventry,3,0,H,1,0,H,G Ward,13,7,8,2,16,15,7,3,1,1,0,0,1.55,4.5,5,1.6,4.2,5.25,1.55,4.4,5,1.56,4.29,5.47,1.57,4.2,5.8,1.59,4.3,5.25,1.6,4.5,5.8,1.56,4.32,5.4,1.63,4.5,5.8,1.67,2.2,1.67,2.25,1.68,2.31,1.65,2.23,1.69,2.34,-1,1.98,1.92,1.98,1.89,2,1.94,1.96,1.88,2.04,1.93,1.57,4.33,5,1.58,4.2,5.5,1.57,4.2,5.5,1.59,4.35,5.58,1.6,4,5.8,1.63,4.49,5.18,1.63,4.49,5.9,1.58,4.28,5.43,1.62,4.4,6.2,1.73,2.1,1.76,2.15,1.82,2.21,1.73,2.12,1.78,2.26,-1,2.01,1.89,2.02,1.88,2.04,1.94,1.99,1.87,2.05,1.91
E1,28/09/2024,15:00,Middlesbrough,Stoke,2,0,H,1,0,H,S Martin,26,7,9,1,10,17,7,2,4,7,0,0,1.6,4,5,1.65,4,5,1.57,4.33,5,1.6,4.13,5.36,1.67,4,5,1.63,4.15,5.1,1.67,4.33,5.6,1.62,4.1,5.14,1.66,4.5,5.7,1.73,2.1,1.73,2.15,1.76,2.17,1.72,2.11,1.76,2.28,-1,2.07,1.83,2.06,1.83,2.16,1.83,2.07,1.79,2.11,1.87,1.57,4.2,5,1.61,4.33,5,1.55,4.5,5,1.63,4.43,5.07,1.6,4.2,5.5,1.66,4.38,5.04,1.66,4.5,5.5,1.6,4.32,5.06,1.63,4.7,5.7,1.57,2.38,1.62,2.41,1.62,2.42,1.59,2.36,1.65,2.52,-1,2.04,1.86,2.07,1.85,2.1,1.89,2.03,1.83,2.08,1.92
E1,28/09/2024,15:00,Millwall,Preston,3,1,H,2,0,H,D Bond,14,11,6,4,16,10,3,8,2,2,1,0,1.9,3.5,4,1.9,3.3,4.33,1.87,3.3,4.4,1.92,3.32,4.35,1.95,3.3,4.33,1.93,3.35,4.26,1.97,3.5,4.5,1.92,3.34,4.26,1.94,3.5,4.8,2.38,1.57,2.43,1.58,2.47,1.6,2.39,1.57,2.46,1.61,-0.5,1.95,1.95,1.93,1.93,1.95,1.98,1.92,1.92,1.94,2.05,1.91,3.5,3.9,1.98,3.2,4.1,1.95,3.2,4.2,1.99,3.27,4.41,2,3.25,4.2,1.93,3.53,3.93,2.03,3.53,4.41,1.97,3.29,4.16,2.06,3.4,4.4,2.38,1.57,2.54,1.56,2.54,1.6,2.41,1.56,2.62,1.6,-0.5,2.01,1.89,2,1.91,2.03,1.91,1.97,1.88,2.06,1.94
E1,28/09/2024,15:00,Oxford,Burnley,0,0,D,0,0,D,J Linington,3,14,1,1,8,13,2,6,1,2,0,0,3.4,3.75,2,3.5,3.5,2.05,3.6,3.5,2,3.66,3.5,2.03,3.7,3.5,2.05,3.58,3.6,2.03,3.7,3.75,2.09,3.55,3.54,2.04,3.7,3.65,2.16,1.93,1.93,1.93,1.93,1.95,1.96,1.9,1.9,1.99,1.94,0.5,1.84,2.06,1.83,2.05,1.86,2.07,1.81,2.04,1.84,2.16,3.1,3.7,2.15,3.25,3.4,2.2,3.5,3.6,2,3.36,3.54,2.2,3.3,3.5,2.2,3.3,3.8,2.15,3.5,3.8,2.31,3.27,3.54,2.16,3.55,3.55,2.26,1.95,1.9,1.95,1.93,1.99,1.93,1.92,1.88,2.02,1.96,0.25,1.95,1.95,1.99,1.92,2.05,1.98,1.96,1.89,2.04,1.95
E1,28/09/2024,15:00,Portsmouth,Sheffield United,0,0,D,0,0,D,M Donohue,9,12,2,4,12,19,15,9,2,2,0,0,3.75,3.9,1.85,4,3.6,1.87,4,3.75,1.85,4.06,3.8,1.84,4.2,3.6,1.91,4,3.74,1.87,4.2,3.9,1.91,4.01,3.75,1.86,4.3,3.95,1.91,1.83,2.03,1.83,2.03,1.85,2.05,1.81,2,1.9,2.04,0.5,1.96,1.82,2.02,1.85,2.03,1.9,1.99,1.85,2.07,1.91,4,4,1.8,4.33,3.8,1.78,4.5,3.9,1.75,4.34,3.99,1.8,4.4,3.75,1.8,4.39,4.13,1.78,4.5,4.13,1.82,4.28,3.93,1.78,4.6,4,1.86,1.8,2,1.83,2.06,1.9,2.09,1.8,2.02,1.85,2.12,0.75,1.83,2.07,1.86,2.05,1.89,2.09,1.84,2.01,1.87,2.11
E1,28/09/2024,15:00,Watford,Sunderland,2,1,H,1,0,H,A Davies,13,17,5,5,11,11,4,6,2,1,0,0,2.75,3.6,2.35,2.8,3.4,2.45,2.88,3.4,2.4,2.88,3.41,2.44,2.88,3.4,2.5,2.87,3.42,2.43,2.96,3.6,2.5,2.85,3.42,2.42,3.1,3.55,2.5,2,1.85,1.99,1.86,2.02,1.89,1.97,1.83,2.02,1.92,0,2.05,1.75,2.11,1.78,2.14,1.81,2.08,1.77,2.23,1.8,3,3.7,2.15,3,3.4,2.3,2.9,3.4,2.3,3.19,3.55,2.28,3.2,3.4,2.3,3.01,3.84,2.29,3.21,3.84,2.33,3.05,3.52,2.27,3.2,3.6,2.38,1.93,1.93,1.94,1.94,1.99,1.95,1.91,1.89,2,1.98,0.25,1.93,1.97,1.93,1.98,1.96,2.02,1.88,1.96,1.93,2.06
E1,29/09/2024,15:00,Swansea,Bristol City,1,1,D,1,0,H,A Kitchen,7,15,2,6,10,15,3,8,1,3,0,0,2.3,3.7,2.8,2.35,3.4,2.9,2.3,3.6,2.88,2.33,3.52,2.96,2.45,3.4,2.9,2.36,3.5,2.92,2.45,3.7,3.03,2.33,3.51,2.92,2.4,3.8,3.05,1.9,1.95,1.88,1.96,1.98,1.98,1.88,1.92,1.89,1.96,-0.25,2.05,1.85,2.03,1.83,2.07,1.85,2.01,1.81,,,2.38,3.7,2.7,2.4,3.5,2.8,2.38,3.3,2.75,2.48,3.52,2.89,2.5,3.4,2.88,2.38,3.71,2.71,2.5,3.71,2.9,2.41,3.51,2.82,2.54,3.65,2.98,1.9,1.95,1.91,1.98,2.02,2.02,1.88,1.93,1.98,1.99,-0.25,2.05,1.75,2.14,1.78,2.15,1.81,2.07,1.77,2.19,1.82
E1,01/10/2024,19:45,Burnley,Plymouth,1,0,H,1,0,H,R Madley,11,7,3,0,14,8,7,1,1,0,0,0,1.42,4.75,6.5,1.44,4.8,6.5,1.4,4.75,7,1.44,4.98,6.88,1.44,4.75,7,1.44,4.8,6.66,1.45,5.1,7,1.43,4.86,6.74,1.46,5.3,7.6,1.57,2.38,1.58,2.48,1.59,2.49,1.56,2.4,1.61,2.58,-1.25,1.95,1.95,1.96,1.94,2,1.96,1.93,1.9,2.01,1.96,1.45,4.5,6.25,1.47,4.6,6.25,1.4,4.75,6.5,1.49,4.79,6.42,1.44,4.8,7,1.44,4.74,6.49,1.49,5.1,7.5,1.44,4.79,6.6,1.48,5.1,7.4,1.57,2.38,1.61,2.44,1.61,2.5,1.56,2.42,1.61,2.58,-1.25,2.05,1.85,2.06,1.85,2.06,1.93,1.96,1.88,2.05,1.92
E1,01/10/2024,19:45,Cardiff,Millwall,1,0,H,1,0,H,G Ward,10,11,5,5,14,12,5,6,1,3,0,0,3,3.2,2.4,3.1,3.1,2.45,3.2,3,2.4,3.29,3.07,2.48,3.2,3.1,2.45,3.17,3.13,2.4,3.34,3.2,2.49,3.16,3.08,2.43,3.3,3.25,2.54,2.63,1.5,2.68,1.51,2.68,1.53,2.57,1.51,2.7,1.57,0.25,1.79,2.11,1.83,2.1,1.83,2.13,1.79,2.05,1.85,2.15,3.2,3.3,2.2,3.25,3.1,2.3,3.3,3.1,2.3,3.41,3.24,2.31,3.25,3.1,2.4,3.44,3.43,2.23,3.45,3.43,2.4,3.3,3.2,2.29,3.5,3.35,2.38,2.3,1.62,2.44,1.6,2.55,1.64,2.38,1.58,2.46,1.67,0.25,1.93,1.97,1.93,1.98,1.97,2.02,1.89,1.95,1.95,2.02
E1,01/10/2024,19:45,Coventry,Blackburn,3,0,H,1,0,H,J Busby,18,10,8,3,12,12,5,1,1,3,0,0,2.15,3.25,3.5,2.05,3.5,3.5,2.05,3.4,3.5,2.13,3.48,3.6,2.15,3.4,3.5,2.1,3.5,3.47,2.2,3.55,3.64,2.11,3.43,3.48,2.18,3.6,3.7,1.85,2,1.88,2,1.91,2.08,1.83,1.98,1.9,2.08,-0.25,1.86,2.04,1.85,2.07,1.88,2.08,1.82,2.02,1.88,2.11,2.05,3.4,3.75,2.1,3.5,3.4,2.05,3.4,3.5,2.08,3.59,3.63,2.1,3.5,3.5,2.1,3.37,3.51,2.13,3.66,3.75,2.07,3.5,3.52,2.14,3.65,3.75,1.8,2,1.85,2.05,1.85,2.09,1.81,2.01,1.87,2.12,-0.25,1.73,2.08,1.81,2.11,1.83,2.14,1.79,2.06,1.86,2.15
E1,01/10/2024,19:45,Luton,Oxford,2,2,D,2,1,H,J Bell,12,19,4,8,13,12,5,6,3,3,1,0,1.67,3.9,4.5,1.68,3.9,4.8,1.67,3.9,5,1.71,3.98,4.99,1.7,3.9,5,1.7,3.9,4.8,1.72,4.1,5.1,1.69,3.93,4.86,1.73,4.2,5.3,1.88,1.98,1.91,1.97,1.91,2.04,1.86,1.95,1.92,2.06,-0.75,1.9,2,1.92,1.99,1.92,2.03,1.87,1.95,1.93,2.04,1.65,4,4.75,1.66,3.9,5,1.62,4,5,1.68,4.1,5.07,1.7,3.9,5,1.66,4.03,4.79,1.7,4.2,5.1,1.67,3.98,4.93,1.69,4.2,5.6,1.83,2.03,1.83,2.06,1.85,2.11,1.8,2.02,1.89,2.1,-0.75,1.86,2.04,1.88,2.04,1.88,2.08,1.83,2.01,1.89,2.11
E1,01/10/2024,19:45,Norwich,Leeds,1,1,D,1,0,H,S Martin,7,14,1,3,12,18,9,6,2,4,0,0,3.9,3.4,1.95,3.5,3.5,2,3.8,3.4,2,3.78,3.61,2.03,3.7,3.5,2.05,3.63,3.64,2.01,3.9,3.64,2.06,3.67,3.53,2.01,4,3.6,2.08,1.88,1.98,1.9,1.99,1.91,2,1.87,1.94,1.91,2.06,0.5,1.86,2.04,1.87,2.04,1.89,2.07,1.85,2.01,1.89,2.09,3.5,3.3,2.1,3.4,3.6,2.05,3.6,3.4,2.05,3.59,3.49,2.13,3.5,3.5,2.1,3.65,3.32,2.07,3.8,3.6,2.13,3.52,3.47,2.08,3.7,3.65,2.14,1.88,1.98,1.92,1.97,1.93,2.01,1.86,1.95,1.94,2.04,0.25,2.07,1.83,2.07,1.85,2.15,1.85,2.06,1.79,2.15,1.85
E1,01/10/2024,19:45,QPR,Hull,1,3,A,1,2,A,T Kirk,21,15,7,6,12,11,5,6,1,3,0,0,2.45,3.4,2.8,2.45,3.4,2.75,2.45,3.3,2.88,2.5,3.44,2.92,2.6,3.4,2.8,2.44,3.48,2.8,2.6,3.48,2.97,2.46,3.38,2.86,2.56,3.55,3,1.93,1.93,1.94,1.94,1.97,1.95,1.91,1.89,1.96,2,0,1.81,2.09,1.81,2.12,1.83,2.12,1.8,2.07,1.83,2.15,2.55,3.4,2.7,2.5,3.3,2.75,2.63,3.3,2.7,2.62,3.44,2.78,2.6,3.4,2.75,2.54,3.4,2.7,2.63,3.5,2.88,2.55,3.39,2.73,2.62,3.5,2.98,1.9,1.95,1.94,1.94,1.95,1.98,1.9,1.9,1.94,2.02,0,1.9,2,1.89,2.01,1.94,2.01,1.88,1.99,1.87,2.12
E1,01/10/2024,19:45,Sunderland,Derby,2,0,H,1,0,H,D Whitestone,9,13,3,5,7,19,1,8,2,2,0,0,1.67,3.9,4.75,1.7,3.75,5,1.67,3.8,5,1.7,3.85,5.32,1.7,3.6,5.5,1.7,3.8,4.99,1.73,4,5.5,1.69,3.81,5.03,1.73,4.1,5.6,2.03,1.83,2.06,1.84,2.07,1.89,2,1.81,2.08,1.89,-0.75,1.9,2,1.92,1.99,1.94,2.03,1.88,1.95,1.94,2.04,1.6,4,5.25,1.6,3.9,5.75,1.6,3.9,5.5,1.64,3.93,5.83,1.6,3.9,6,1.61,4.03,5.29,1.64,4.1,6,1.61,3.93,5.53,1.67,4.1,6,2.03,1.83,2.06,1.84,2.07,1.91,1.98,1.83,2.1,1.88,-0.75,1.82,2.08,1.83,2.09,1.86,2.13,1.8,2.05,1.86,2.13
E1,01/10/2024,19:45,West Brom,Middlesbrough,0,1,A,0,0,D,D Webb,11,15,1,4,7,6,5,4,2,1,0,0,2.4,3.4,2.8,2.45,3.4,2.85,2.4,3.3,2.88,2.51,3.44,2.91,2.5,3.3,2.9,2.43,3.48,2.81,2.56,3.48,2.95,2.46,3.38,2.85,2.52,3.55,3,1.9,1.95,1.93,1.96,1.93,2,1.88,1.92,1.94,2.02,0,1.8,2.1,1.81,2.11,1.83,2.17,1.79,2.09,1.83,2.17,2.35,3.4,2.9,2.3,3.4,3,2.3,3.4,2.9,2.42,3.46,3.02,2.4,3.4,3,2.36,3.51,3.1,2.42,3.55,3.1,2.35,3.44,2.97,2.46,3.6,3.1,1.9,1.95,1.93,1.96,1.93,2.05,1.88,1.93,1.94,2.04,-0.25,2.09,1.81,2.09,1.83,2.13,1.86,2.03,1.82,2.12,1.87
E1,02/10/2024,19:45,Preston,Watford,3,0,H,0,0,D,A Kitchen,15,10,6,6,12,12,7,5,2,0,0,0,2.45,3.3,2.75,2.6,3.3,2.7,2.5,3.25,2.88,2.54,3.26,2.86,2.6,3.3,2.8,2.52,3.36,2.77,2.6,3.36,2.97,2.53,3.29,2.81,2.66,3.45,2.98,2,1.8,2.07,1.78,2.11,1.85,2.03,1.78,2.08,1.85,0,1.85,2.05,1.83,2.06,1.87,2.07,1.83,2.02,1.88,2.11,2.4,3.4,2.8,2.25,3.3,2.8,2.5,3.3,2.8,2.54,3.37,2.91,2.5,3.4,2.88,2.55,3.43,2.68,2.59,3.45,2.91,2.5,3.36,2.82,2.62,3.5,2.96,2.03,1.83,2.03,1.86,2.08,1.91,1.99,1.84,2.08,1.9,0,1.8,2.1,1.83,2.1,1.87,2.12,1.81,2.06,1.87,2.12
E1,02/10/2024,19:45,Sheffield United,Swansea,1,0,H,1,0,H,L Doughty,15,7,3,1,13,9,5,5,3,2,0,0,1.73,3.75,4.5,1.75,3.8,4.5,1.75,3.8,4.6,1.76,3.79,4.5,1.8,3.75,4.4,1.78,3.84,4.35,1.8,4,4.7,1.77,3.78,4.45,1.8,4,4.9,1.85,2,1.85,2,1.88,2.1,1.82,1.99,1.89,2.04,-0.75,2.01,1.89,2.01,1.86,2.04,1.9,1.98,1.85,2.02,1.94,1.73,3.75,4.5,1.75,3.8,4.5,1.7,3.8,4.75,1.78,3.89,4.62,1.75,3.75,4.75,1.72,3.78,4.71,1.8,4,5,1.75,3.81,4.59,1.8,4,5,1.83,2.03,1.85,2.04,1.88,2.07,1.83,2.01,1.9,2.1,-0.75,2,1.9,2.02,1.89,2.04,1.94,1.96,1.88,2.02,1.95
E1,02/10/2024,19:45,Stoke,Portsmouth,6,1,H,3,1,H,T Nield,20,9,8,2,9,13,3,5,2,1,0,0,1.8,3.6,4.33,1.83,3.75,4.1,1.83,3.6,4.33,1.83,3.7,4.21,1.85,3.7,4.2,1.85,3.75,4.11,1.89,3.81,4.33,1.84,3.7,4.16,1.9,3.85,4.6,1.85,2,1.87,1.99,1.89,2.06,1.83,1.98,1.9,2.04,-0.5,1.86,2.04,1.85,2.03,1.87,2.08,1.83,2.01,1.9,2.09,1.8,3.5,4.5,1.82,3.7,4.2,1.85,3.6,4.2,1.85,3.77,4.38,1.91,3.7,4,1.78,3.52,4.69,1.91,3.8,4.69,1.84,3.67,4.24,1.93,3.8,4.5,1.9,1.95,1.91,1.98,1.94,2,1.87,1.96,1.97,2,-0.5,1.83,2.07,1.85,2.06,1.87,2.12,1.84,2.02,1.88,2.12
E1,02/10/2024,20:00,Bristol City,Sheffield Weds,0,0,D,0,0,D,A Backhouse,10,8,2,1,10,12,6,5,2,1,0,0,2.15,3.5,3.2,2.2,3.4,3.2,2.2,3.5,3.2,2.17,3.57,3.22,2.25,3.4,3.3,2.2,3.5,3.21,2.25,3.69,3.31,2.18,3.51,3.22,2.3,3.6,3.4,1.95,1.9,1.93,1.93,2.02,1.95,1.93,1.88,1.98,1.95,-0.25,1.91,1.99,1.9,1.97,1.94,2.01,1.88,1.94,1.98,1.99,2.05,3.5,3.4,2.1,3.4,3.4,2.05,3.4,3.6,2.1,3.56,3.62,2.15,3.4,3.5,2.01,3.6,3.53,2.17,3.62,3.62,2.09,3.48,3.48,2.14,3.65,3.8,2.05,1.8,2.06,1.84,2.13,1.88,2.03,1.81,2.12,1.87,-0.25,1.83,2.07,1.83,2.1,1.85,2.13,1.8,2.05,1.84,2.15
E1,04/10/2024,20:00,Sunderland,Leeds,2,2,D,1,1,D,T Robinson,14,15,4,4,11,16,8,1,3,3,0,0,3,3.2,2.4,2.95,3.3,2.4,3,3.25,2.4,3.01,3.36,2.48,3,3.25,2.45,2.95,3.32,2.43,3.03,3.4,2.5,2.96,3.28,2.44,3.2,3.4,2.52,2.1,1.73,2.16,1.75,2.19,1.76,2.12,1.72,2.26,1.78,0.25,1.8,2.1,1.79,2.14,1.82,2.13,1.77,2.07,1.85,2.16,3.25,3.2,2.25,3.1,3.3,2.3,3.2,3.25,2.3,3.23,3.34,2.36,3.1,3.25,2.4,3.27,3.22,2.26,3.27,3.4,2.45,3.14,3.27,2.33,3.35,3.4,2.42,2.1,1.73,2.17,1.74,2.21,1.76,2.13,1.72,2.18,1.84,0.25,1.9,2,1.88,2.03,1.94,2.08,1.86,1.99,1.93,2.05
E1,05/10/2024,12:30,Burnley,Preston,0,0,D,0,0,D,G Ward,9,9,1,2,10,12,2,3,3,4,0,0,1.67,3.8,5,1.66,3.75,5.25,1.65,3.7,5.5,1.65,3.86,5.63,1.73,3.7,5,1.68,3.82,5.15,1.73,3.96,5.7,1.67,3.77,5.24,1.7,3.95,6,2.05,1.8,2.05,1.83,2.13,1.84,2.02,1.8,2.12,1.81,-0.75,1.87,2.03,1.85,2.04,1.92,2.07,1.85,1.97,1.9,2.09,1.75,3.5,4.75,1.82,3.3,4.8,1.75,3.4,5,1.8,3.46,5.24,1.85,3.4,4.75,1.83,3.61,4.81,1.87,3.61,5.24,1.81,3.41,4.84,1.85,3.6,5.4,2.38,1.57,2.36,1.64,2.44,1.64,2.34,1.6,2.5,1.65,-0.75,2.05,1.85,2.08,1.84,2.12,1.88,2.06,1.8,2.15,1.85
E1,05/10/2024,12:30,Norwich,Hull,4,0,H,2,0,H,T Nield,19,16,9,5,11,14,4,7,3,4,0,0,1.95,3.6,3.75,2,3.7,3.4,1.95,3.6,3.7,2,3.84,3.56,2.05,3.7,3.5,2.01,3.76,3.47,2.05,3.93,3.75,2,3.73,3.51,2.08,3.8,3.9,1.67,2.2,1.7,2.23,1.73,2.24,1.67,2.18,1.73,2.26,-0.5,2.03,1.87,2.01,1.88,2.04,1.9,2,1.84,2.08,1.92,2,3.6,3.6,1.98,3.7,3.5,2,3.6,3.5,2.05,3.83,3.5,2.1,3.7,3.4,2.01,3.69,3.82,2.1,3.95,3.82,2.02,3.73,3.48,2.08,3.85,3.75,1.62,2.3,1.66,2.33,1.67,2.41,1.62,2.3,1.68,2.44,-0.5,2.05,1.85,2.06,1.85,2.07,1.89,2.02,1.84,2.08,1.91
E1,05/10/2024,12:30,Portsmouth,Oxford,1,1,D,0,0,D,L Smith,21,13,8,3,11,10,11,4,0,1,0,0,2.45,3.4,2.75,2.45,3.3,2.85,2.5,3.25,2.88,2.49,3.38,2.93,2.5,3.4,2.88,2.44,3.46,2.83,2.54,3.46,3,2.45,3.36,2.87,2.58,3.45,3,1.95,1.9,1.94,1.93,2,1.94,1.92,1.88,1.96,1.97,0,1.81,2.09,1.79,2.12,1.81,2.14,1.78,2.08,1.83,2.17,2.5,3.3,2.75,2.6,3.25,2.7,2.6,3.3,2.75,2.64,3.33,2.83,2.62,3.3,2.75,2.57,3.43,2.65,2.68,3.43,2.85,2.59,3.32,2.74,2.72,3.45,2.9,2.03,1.83,2.05,1.85,2.06,1.89,1.99,1.82,2.1,1.88,0,1.86,2.04,1.88,2.02,1.94,2.04,1.89,1.99,1.93,2.06
E1,05/10/2024,15:00,Coventry,Sheffield Weds,1,2,A,1,1,D,D Whitestone,13,13,2,5,12,17,6,6,4,3,0,0,1.85,3.5,4.2,1.93,3.7,3.7,1.85,3.5,4.2,1.81,3.77,4.24,1.91,3.7,4,1.85,3.84,4.01,1.95,3.9,4.33,1.87,3.71,4.01,1.9,3.8,4.6,1.73,2.1,1.74,2.14,1.79,2.16,1.74,2.09,1.83,2.16,-0.5,1.87,2.03,1.83,2.05,1.92,2.05,1.88,1.97,1.9,2.08,1.73,3.5,5,1.73,3.7,4.75,1.7,3.6,4.6,1.78,3.81,4.75,1.8,3.6,4.75,1.68,3.53,5.55,1.8,3.87,5.55,1.74,3.68,4.8,1.82,3.85,5.1,1.93,1.93,1.95,1.93,1.96,1.97,1.9,1.9,1.99,1.98,-0.75,2,1.9,2.02,1.89,2.02,1.94,1.96,1.88,2.04,1.95
E1,05/10/2024,15:00,Derby,QPR,2,0,H,0,0,D,D Webb,10,11,5,3,12,10,6,9,1,1,0,0,2.2,3.5,3.1,2.25,3.4,3.1,2.2,3.3,3.3,2.27,3.34,3.23,2.3,3.3,3.3,2.25,3.4,3.19,2.32,3.5,3.33,2.24,3.36,3.2,2.32,3.5,3.45,2.1,1.73,2.07,1.78,2.13,1.81,2.05,1.77,2.1,1.84,-0.25,1.95,1.95,1.96,1.9,1.98,1.97,1.92,1.9,1.99,2,2.2,3.5,3.2,2.3,3.3,3.1,2.2,3.2,3.1,2.29,3.31,3.41,2.38,3.25,3.2,2.14,3.48,3.3,2.38,3.5,3.45,2.25,3.33,3.25,2.3,3.5,3.5,2.1,1.73,2.17,1.75,2.18,1.81,2.12,1.73,2.22,1.79,-0.25,1.95,1.95,1.96,1.94,2,2,1.92,1.92,1.97,1.99
E1,05/10/2024,15:00,Plymouth,Blackburn,2,1,H,1,0,H,J Linington,17,7,7,4,8,16,5,5,4,3,0,0,3.1,3.7,2.1,3.2,3.7,2.1,3.25,3.6,2.1,3.25,3.62,2.14,3.25,3.5,2.2,3.18,3.72,2.13,3.32,3.76,2.25,3.18,3.66,2.14,3.35,3.85,2.24,1.67,2.2,1.69,2.19,1.71,2.28,1.66,2.21,1.7,2.32,0.25,1.99,1.91,1.99,1.88,2,1.97,1.95,1.87,2.03,1.94,3,3.6,2.15,3.1,3.5,2.25,3,3.4,2.2,3.23,3.52,2.27,3.1,3.5,2.3,3.16,3.66,2.14,3.23,3.66,2.31,3.12,3.51,2.23,3.25,3.65,2.34,1.8,2,1.79,2.1,1.8,2.14,1.76,2.07,1.86,2.14,0.25,1.93,1.97,1.93,1.97,1.98,1.98,1.91,1.93,1.96,2.02
E1,05/10/2024,15:00,Sheffield United,Luton,2,0,H,1,0,H,J Brooks,15,8,7,2,10,8,5,6,2,1,0,0,1.9,3.7,3.9,1.93,3.6,3.8,1.87,3.6,4.1,1.9,3.61,4,1.95,3.6,3.9,1.91,3.7,3.86,1.96,3.73,4.1,1.92,3.64,3.88,1.95,3.8,4.3,1.9,1.95,1.88,1.97,1.92,1.98,1.87,1.93,1.98,1.98,-0.5,1.91,1.99,1.92,1.95,1.94,2,1.91,1.93,1.95,2.04,1.95,3.6,3.8,1.98,3.5,3.8,1.91,3.4,3.7,1.97,3.58,4.02,2.05,3.5,3.75,1.9,3.58,3.94,2.05,3.67,4.02,1.96,3.55,3.8,2.04,3.75,4,2,1.85,2,1.88,2.06,1.92,1.95,1.86,2.06,1.91,-0.5,1.98,1.92,1.98,1.92,2.02,1.95,1.97,1.88,2.04,1.94
E1,05/10/2024,15:00,Swansea,Stoke,0,0,D,0,0,D,A Davies,19,10,5,4,8,14,5,9,0,4,0,0,2.2,3.5,3.1,2.2,3.4,3.25,2.3,3.4,3.1,2.24,3.41,3.23,2.25,3.4,3.25,2.22,3.5,3.17,2.3,3.53,3.29,2.22,3.44,3.19,2.36,3.55,3.35,1.98,1.88,1.95,1.9,2.02,1.93,1.92,1.88,2.08,1.88,-0.25,1.95,1.95,1.94,1.93,1.97,1.95,1.91,1.91,2.02,1.95,2.25,3.5,3,2.25,3.4,3.1,2.2,3.3,3,2.31,3.55,3.14,2.38,3.4,3.1,2.21,3.52,3.13,2.38,3.6,3.25,2.27,3.47,3.09,2.36,3.6,3.25,1.85,2,1.87,2.02,1.88,2.05,1.84,1.97,1.92,2.04,-0.25,2.02,1.88,2,1.9,2.04,1.92,1.96,1.88,2.05,1.94
E1,05/10/2024,15:00,Watford,Middlesbrough,2,1,H,0,0,D,M Donohue,9,11,4,5,15,11,7,5,3,1,0,0,3.5,3.8,1.95,3.4,3.7,2,3.5,3.75,1.95,3.69,3.67,1.97,3.6,3.7,2,3.58,3.78,1.97,3.81,3.8,2.05,3.55,3.71,1.99,3.75,3.95,2.06,1.67,2.2,1.68,2.22,1.7,2.31,1.66,2.22,1.69,2.3,0.5,1.88,2.02,1.88,1.99,1.91,2.05,1.85,1.99,1.92,2.06,3.4,3.8,2,3.5,3.7,2,3.4,3.7,1.91,3.59,3.85,2.01,3.6,3.7,2,3.52,3.8,1.96,3.61,3.89,2.04,3.49,3.75,2,3.8,3.95,2.06,1.62,2.3,1.66,2.32,1.67,2.36,1.63,2.28,1.7,2.38,0.5,1.86,2.04,1.88,2.02,1.9,2.06,1.85,2.01,1.93,2.06
E1,05/10/2024,15:00,West Brom,Millwall,0,0,D,0,0,D,W Finnie,13,6,3,4,8,15,5,2,2,3,0,0,1.91,3.4,4,1.93,3.3,4.1,1.91,3.25,4.33,1.96,3.32,4.16,2,3.25,4.2,1.97,3.38,4.02,2.02,3.41,4.4,1.96,3.33,4.09,2,3.4,4.6,2.3,1.62,2.33,1.63,2.43,1.65,2.31,1.61,2.4,1.66,-0.5,1.97,1.93,1.98,1.89,2,1.96,1.96,1.88,2,1.98,1.8,3.5,4.33,1.83,3.4,4.5,1.75,3.3,4.5,1.88,3.49,4.64,1.91,3.4,4.5,1.8,3.55,4.55,1.94,3.55,4.7,1.85,3.44,4.45,1.9,3.65,4.9,2.3,1.62,2.34,1.65,2.4,1.66,2.29,1.62,2.42,1.69,-0.5,1.87,2.03,1.88,2.03,1.9,2.07,1.86,1.99,1.9,2.09
E1,06/10/2024,15:00,Bristol City,Cardiff,1,1,D,0,0,D,R Madley,16,15,2,2,8,12,4,6,2,1,0,0,1.75,3.9,4.2,1.75,3.8,4.5,1.75,3.75,4.6,1.75,3.76,4.6,1.8,3.6,4.75,1.77,3.75,4.55,1.8,3.9,4.75,1.76,3.74,4.52,1.8,4,5,2,1.85,1.96,1.88,2.02,1.89,1.97,1.84,1.99,1.88,-0.75,2.01,1.89,1.99,1.86,2.02,1.9,1.98,1.84,,,1.7,3.9,4.5,1.72,3.75,4.75,1.67,3.8,5,1.74,3.88,4.93,1.7,3.9,5,1.74,4.04,4.83,1.74,4.06,5.1,1.71,3.84,4.8,1.76,4,5.4,1.98,1.88,2.01,1.88,2.01,1.91,1.94,1.86,2.06,1.92,-0.75,1.95,1.95,1.96,1.94,1.99,1.98,1.92,1.92,1.96,2.01
E1,18/10/2024,20:00,Leeds,Sheffield United,2,0,H,0,0,D,L Smith,13,5,4,0,10,10,7,3,1,2,0,0,1.9,3.6,3.8,1.88,3.5,4.1,1.87,3.5,4.2,1.92,3.56,4.29,1.91,3.5,4.2,1.9,3.55,4.12,1.95,3.63,4.33,1.9,3.53,4.11,1.97,3.7,4.4,2.1,1.73,2.11,1.79,2.12,1.83,2.05,1.77,2.12,1.87,-0.5,1.86,1.92,1.93,1.98,1.95,1.99,1.9,1.94,1.97,2.02,1.85,3.7,3.9,1.88,3.5,4.1,1.9,3.5,4.2,1.89,3.71,4.21,1.91,3.6,4.2,1.89,3.83,4.18,1.92,3.83,4.33,1.88,3.61,4.12,1.95,3.75,4.4,1.98,1.88,1.99,1.9,2.06,2,1.97,1.84,2.06,1.93,-0.5,1.9,2,1.9,2,1.92,2.02,1.88,1.97,1.95,2.04
E1,19/10/2024,12:30,Cardiff,Plymouth,5,0,H,2,0,H,A Kitchen,25,6,11,2,15,10,9,1,3,1,0,1,2.05,3.5,3.5,2.05,3.5,3.5,2.1,3.4,3.4,2.03,3.54,3.63,2.1,3.5,3.6,2.01,3.65,3.56,2.1,3.65,3.74,2.05,3.54,3.53,2.16,3.65,3.7,1.83,2.03,1.81,2.04,1.96,2.09,1.81,2.01,1.86,2.04,-0.5,2.05,1.75,2.05,1.83,2.13,1.85,2.05,1.8,2.16,1.84,2.05,3.6,3.3,2.1,3.75,3.25,2,3.6,3.5,2.11,3.74,3.42,2.05,3.7,3.5,2.05,3.79,3.58,2.14,3.82,3.58,2.06,3.7,3.38,2.08,3.9,3.8,1.62,2.3,1.66,2.31,1.7,2.33,1.64,2.26,1.7,2.36,-0.5,2.05,1.75,2.11,1.8,2.12,1.9,2.07,1.79,2.08,1.92
E1,19/10/2024,12:30,Luton,Watford,3,0,H,1,0,H,S Martin,13,9,5,1,22,20,11,4,3,2,0,0,2,3.2,4,2,3.6,3.5,2,3.4,3.8,2.01,3.56,3.68,2.05,3.6,3.6,2.02,3.74,3.47,2.06,3.74,4,2.02,3.56,3.61,2.06,3.65,4.1,1.73,2.1,1.72,2.17,1.75,2.21,1.7,2.11,1.76,2.16,-0.5,2.04,1.86,2.02,1.85,2.06,1.86,2.02,1.83,2.06,1.93,1.95,3.4,3.8,1.98,3.6,3.6,1.95,3.5,3.9,2.03,3.57,3.82,2,3.6,3.7,2.01,3.52,4,2.09,3.6,4,2.01,3.54,3.69,2.08,3.65,4,1.73,2.1,1.77,2.14,1.82,2.17,1.74,2.1,1.78,2.24,-0.5,2.02,1.88,2.04,1.87,2.1,1.91,2.02,1.84,2.08,1.9
E1,19/10/2024,12:30,Oxford,West Brom,1,1,D,0,1,A,L Doughty,12,14,3,3,16,10,5,8,3,1,0,0,3.9,3.5,1.95,3.75,3.5,2,3.8,3.4,2,3.97,3.49,1.95,3.8,3.4,2.05,3.85,3.54,1.96,4.1,3.58,2.05,3.84,3.48,1.98,4.1,3.55,2.08,2,1.8,2.06,1.8,2.09,1.81,2.01,1.77,2.12,1.8,0.5,1.9,2,1.9,1.97,1.91,2.02,1.86,1.98,1.9,2.09,3.9,3.4,1.95,3.75,3.5,2,3.75,3.4,2,3.94,3.51,2.02,3.75,3.4,2.05,4.17,3.51,1.98,4.17,3.6,2.06,3.86,3.45,1.99,4.1,3.55,2.08,2.1,1.73,2.09,1.8,2.24,1.82,2.07,1.76,2.14,1.85,0.5,1.88,2.02,1.88,2.03,1.93,2.06,1.86,2,1.92,2.07
E1,19/10/2024,12:30,Preston,Coventry,1,0,H,0,0,D,J Smith,18,12,3,1,12,12,9,9,4,0,0,0,2.75,3.3,2.5,2.8,3.4,2.5,2.75,3.3,2.55,2.84,3.22,2.59,2.88,3.4,2.5,2.78,3.42,2.48,2.89,3.5,2.65,2.8,3.32,2.53,2.94,3.45,2.64,1.95,1.9,1.99,1.86,2.02,1.94,1.94,1.84,2.02,1.89,0,2.05,1.85,2.03,1.85,2.08,1.85,2.03,1.83,2.09,1.88,3,3.2,2.35,3,3.25,2.37,3,3.25,2.38,3.13,3.22,2.48,3,3.3,2.45,3.02,3.33,2.51,3.18,3.33,2.51,3.03,3.24,2.43,3.25,3.4,2.48,2.2,1.67,2.18,1.74,2.35,1.76,2.14,1.71,2.26,1.77,0.25,1.82,2.08,1.81,2.12,1.86,2.15,1.79,2.06,1.88,2.11
E1,19/10/2024,15:00,Blackburn,Swansea,1,0,H,1,0,H,D Webb,8,14,3,2,15,5,3,8,1,2,0,0,2.1,3.4,3.4,2.05,3.5,3.5,2.1,3.4,3.5,2.1,3.45,3.52,2.15,3.4,3.5,2.09,3.54,3.45,2.15,3.55,3.7,2.1,3.48,3.47,2.18,3.55,3.75,1.93,1.93,1.93,1.92,1.97,1.97,1.9,1.9,1.94,1.95,-0.25,1.86,2.04,1.83,2.06,1.87,2.11,1.8,2.03,1.87,2.11,2,3.5,3.5,2.15,3.5,3.25,2.15,3.4,3.4,2.1,3.64,3.52,2.2,3.5,3.3,2.07,3.53,3.43,2.2,3.67,3.52,2.11,3.54,3.36,2.18,3.65,3.6,1.8,2,1.85,2.05,1.88,2.11,1.81,2,1.88,2.1,-0.25,1.75,2.05,1.83,2.09,1.87,2.12,1.83,2.02,1.9,2.1
E1,19/10/2024,15:00,Middlesbrough,Bristol City,0,2,A,0,2,A,S Allison,20,9,2,3,13,10,7,0,5,3,0,0,1.7,3.8,4.75,1.72,3.9,4.6,1.67,3.9,4.75,1.72,3.92,4.6,1.73,3.9,4.8,1.74,3.92,4.53,1.75,4.1,4.8,1.72,3.92,4.62,1.73,4.3,5.2,1.8,2,1.77,2.07,1.83,2.12,1.77,2.04,1.8,2.16,-0.75,1.95,1.95,1.94,1.93,1.95,1.98,1.91,1.91,1.94,2.05,1.6,4,5.25,1.63,4,5,1.62,4,5,1.64,4.26,5.21,1.65,4.2,5,1.61,4.03,5.29,1.67,4.26,5.3,1.64,4.08,5.03,1.67,4.4,5.7,1.67,2.2,1.7,2.24,1.73,2.29,1.68,2.18,1.73,2.32,-0.75,1.75,2.05,1.82,2.11,1.86,2.14,1.79,2.05,1.84,2.16
E1,19/10/2024,15:00,Millwall,Derby,1,1,D,0,0,D,S Attwell,16,5,6,1,12,14,9,5,2,0,0,0,1.95,3.2,4.1,2,3.3,3.9,2,3.25,4,2.05,3.36,3.76,2.05,3.3,3.9,2.05,3.35,3.76,2.09,3.45,4.1,2.03,3.32,3.84,2.1,3.4,4.3,2.3,1.62,2.3,1.65,2.35,1.67,2.28,1.62,2.36,1.65,-0.5,2.06,1.84,2.07,1.81,2.08,1.87,2.03,1.82,2.1,1.89,1.95,3.1,4.2,1.98,3.2,4.1,1.95,3.2,4.2,1.99,3.28,4.41,2.05,3.25,4,1.98,3.14,4.26,2.05,3.31,4.41,1.98,3.21,4.17,2.06,3.4,4.4,2.5,1.53,2.49,1.58,2.5,1.63,2.4,1.57,2.56,1.61,-0.5,1.99,1.91,2,1.91,2.01,1.94,1.99,1.86,2.06,1.93
E1,19/10/2024,15:00,QPR,Portsmouth,1,2,A,1,1,D,J Linington,15,11,8,3,11,11,3,5,1,3,0,0,1.85,3.6,4.2,1.87,3.7,4,1.8,3.6,4.33,1.86,3.65,4.15,1.91,3.6,4.2,1.89,3.68,4,1.93,3.77,4.33,1.87,3.65,4.1,1.95,3.8,4.4,1.9,1.95,1.91,1.94,1.95,2,1.89,1.91,1.93,2,-0.5,1.89,2.01,1.88,2,1.93,2.04,1.87,1.98,1.95,2.04,1.9,3.5,4.1,1.88,3.6,4,1.85,3.6,4.2,1.92,3.71,4.11,1.91,3.5,4.2,1.83,3.59,4.32,1.92,3.8,4.4,1.86,3.64,4.17,1.91,3.85,4.6,1.93,1.93,1.91,1.98,1.94,2.02,1.88,1.93,1.96,2.02,-0.5,1.92,1.98,1.93,1.98,1.95,2.07,1.86,2,1.9,2.08
E1,19/10/2024,15:00,Sheffield Weds,Burnley,0,2,A,0,1,A,M Salisbury,13,14,3,6,10,11,10,3,1,2,0,0,2.7,3.25,2.6,2.75,3.25,2.55,2.75,3.2,2.63,2.79,3.17,2.66,2.75,3.25,2.7,2.72,3.3,2.6,2.86,3.35,2.73,2.77,3.2,2.63,2.9,3.35,2.74,2.2,1.67,2.2,1.69,2.23,1.75,2.15,1.69,2.2,1.72,0,1.96,1.82,1.98,1.89,2.04,1.89,1.97,1.86,2.04,1.94,2.5,3.1,2.9,2.6,3.1,2.9,2.55,3,3,2.64,3.16,2.97,2.62,3.1,2.9,2.58,3.21,2.78,2.65,3.21,3.06,2.57,3.1,2.92,2.7,3.2,3.05,2.5,1.53,2.51,1.57,2.55,1.58,2.43,1.53,2.62,1.59,0,1.84,2.06,1.84,2.08,1.86,2.12,1.82,2.06,1.87,2.12
E1,19/10/2024,15:00,Stoke,Norwich,1,1,D,1,1,D,A Backhouse,14,12,5,4,7,9,8,7,0,1,0,0,2.55,3.4,2.63,2.55,3.5,2.65,2.63,3.4,2.63,2.6,3.43,2.68,2.6,3.5,2.7,2.57,3.54,2.61,2.66,3.6,2.74,2.57,3.47,2.65,2.76,3.65,2.74,1.8,2,1.81,2.02,1.85,2.06,1.79,1.99,1.85,2.16,0,1.86,1.92,1.91,1.96,1.95,2,1.89,1.94,2,1.98,2.45,3.5,2.7,2.5,3.6,2.65,2.5,3.5,2.63,2.52,3.6,2.79,2.6,3.6,2.62,2.56,3.51,2.61,2.61,3.65,2.79,2.53,3.54,2.66,2.66,3.75,2.78,1.73,2.1,1.75,2.16,1.77,2.21,1.72,2.12,1.8,2.22,0,1.86,2.04,1.86,2.05,1.95,2.05,1.89,1.98,1.92,2.06
E1,20/10/2024,15:00,Hull,Sunderland,0,1,A,0,0,D,R Madley,8,10,0,2,12,8,4,4,1,1,0,0,2.88,3.4,2.38,2.8,3.6,2.4,2.9,3.5,2.3,2.87,3.51,2.4,2.88,3.5,2.45,2.82,3.58,2.4,2.9,3.6,2.48,2.83,3.51,2.39,2.98,3.7,2.5,1.73,2.1,1.78,2.06,1.81,2.12,1.77,2.05,1.78,2.18,0.25,1.82,2.08,1.79,2.09,1.83,2.12,1.78,2.06,1.84,2.16,2.88,3.4,2.38,2.85,3.5,2.37,2.8,3.3,2.38,2.94,3.54,2.44,2.9,3.4,2.45,2.87,3.52,2.38,2.95,3.57,2.47,2.88,3.45,2.4,3,3.55,2.54,1.79,1.94,1.86,2.03,1.9,2.05,1.82,1.98,1.88,2.12,0.25,1.81,2.09,1.81,2.12,1.83,2.13,1.78,2.07,1.83,2.18
