Div,Date,Time,HomeTeam,AwayTeam,FTHG,FTAG,FTR,HTHG,HTAG,HTR,Referee,HY,AY,HR,AR,B365H,B365D,B365A,BWH,BWD,BWA,BFH,BFD,BFA,PSH,PSD,PSA,WHH,WHD,WHA,1XBH,1XBD,1XBA,MaxH,MaxD,MaxA,AvgH,AvgD,AvgA,BFEH,BFED,BFEA,B365>2.5,B365<2.5,P>2.5,P<2.5,Max>2.5,Max<2.5,Avg>2.5,Avg<2.5,BFE>2.5,BFE<2.5,AHh,B365AHH,B365AHA,PAHH,PAHA,MaxAHH,MaxAHA,AvgAHH,AvgAHA,BFEAHH,BFEAHA,B365CH,B365CD,B365CA,BWCH,BWCD,BWCA,BFCH,BFCD,BFCA,PSCH,PSCD,PSCA,WHCH,WHCD,WHCA,1XBCH,1XBCD,1XBCA,MaxCH,MaxCD,MaxCA,AvgCH,AvgCD,AvgCA,BFECH,BFECD,BFECA,B365C>2.5,B365C<2.5,PC>2.5,PC<2.5,MaxC>2.5,MaxC<2.5,AvgC>2.5,AvgC<2.5,BFEC>2.5,BFEC<2.5,AHCh,B365CAHH,B365CAHA,PCAHH,PCAHA,MaxCAHH,MaxCAHA,AvgCAHH,AvgCAHA,BFECAHH,BFECAHA
EC,10/08/2024,15:00,Aldershot,Forest Green,3,3,D,2,1,H,S Simpson,3,2,0,0,2.5,3.4,2.7,2.35,3.4,2.5,2.4,3.3,2.6,2.4,3.43,2.81,2.38,3.4,2.6,2.34,3.52,2.68,2.5,3.52,2.82,2.39,3.4,2.69,2.62,3.15,2.72,1.7,2.1,1.7,2.11,1.71,2.12,1.69,2.08,1.7,2.1,0,1.83,1.98,1.76,2.08,1.83,2.08,1.79,2,1.88,2.03,2.45,3.4,2.75,2.35,3.4,2.5,2.25,3.25,2.63,2.52,3.57,2.68,2.38,3.4,2.6,2.44,3.39,2.74,2.52,3.57,2.75,2.41,3.41,2.64,2.52,3.65,2.74,1.7,2.1,1.71,2.16,1.74,2.2,1.68,2.1,1.73,2.22,0,1.83,1.98,1.87,1.99,1.87,2,1.83,1.99,1.88,2.02
EC,10/08/2024,15:00,Altrincham,Woking,1,0,H,1,0,H,J Oldham,2,1,1,1,2.25,3.3,3.2,2.15,3.4,2.75,2.15,3.3,3,2.31,3.48,2.9,2.2,3.5,2.8,2.25,3.48,2.88,2.31,3.6,3.2,2.24,3.42,2.9,2.34,3.5,2.92,1.7,2.1,1.76,2.04,1.76,2.1,1.71,2.05,1.75,2.06,-0.25,1.95,1.85,2.02,1.81,2.02,1.85,1.94,1.81,2.02,1.88,2.15,3.25,3.4,2.1,3.4,2.9,1.91,3.4,3,2.08,3.7,3.33,2.2,3.5,2.8,2.14,3.24,3.39,2.25,3.7,3.4,2.08,3.46,3.17,2.12,3.95,3.5,1.8,2,1.75,2.1,1.81,2.1,1.74,2.01,1.79,2.12,-0.25,1.83,1.98,1.83,2.04,1.85,2.04,1.82,1.95,1.86,2.14
EC,10/08/2024,15:00,Boston Utd,Rochdale,0,3,A,0,2,A,Z Kennard-Kettle,2,4,0,0,3,3.4,2.3,2.75,3.3,2.15,2.88,3.3,2.2,2.91,3.36,2.36,2.88,3.4,2.2,2.88,3.44,2.27,3,3.45,2.36,2.88,3.34,2.28,2.86,3.55,2.34,1.75,2.05,1.83,1.97,1.83,2.05,1.77,1.97,1.78,1.84,0.25,1.83,1.98,1.78,2.05,1.83,2.05,1.78,1.96,1.85,2.03,3.25,3.2,2.25,2.8,3.2,2.2,2.88,3,2.2,3.21,3.3,2.3,2.88,3.4,2.2,3.24,3.18,2.24,3.25,3.3,2.3,3.08,3.21,2.23,3.25,3.55,2.32,2.05,1.75,2.04,1.81,2.11,1.83,2,1.75,2.06,1.86,0.25,1.85,1.95,1.88,1.98,1.88,1.98,1.84,1.93,1.92,2
EC,10/08/2024,15:00,Dag and Red,Wealdstone,2,1,H,0,0,D,L Impey,3,2,0,0,1.91,3.4,4.1,1.87,3.5,3.3,1.9,3.3,3.6,1.91,3.62,3.73,1.85,3.6,3.5,1.91,3.62,3.59,1.95,3.63,4.1,1.91,3.51,3.62,2.02,3.65,3.7,1.7,2.1,1.74,2.05,1.74,2.1,1.71,2.04,1.74,2.08,-0.5,1.9,1.9,1.93,1.89,1.93,1.9,1.89,1.85,2.02,1.9,1.9,3.4,4.1,1.87,3.5,3.3,1.8,3.3,3.7,1.88,3.83,3.82,1.85,3.6,3.5,1.89,3.38,4.08,1.95,3.83,4.1,1.88,3.56,3.69,1.91,4,4,1.75,2.05,1.75,2.11,1.81,2.11,1.72,2.05,1.76,2.16,-0.5,1.9,1.9,1.89,1.95,1.91,1.95,1.87,1.88,1.91,2.06
EC,10/08/2024,15:00,Fylde,Solihull,3,2,H,1,2,A,E Bell,3,3,0,1,2.63,3.3,2.6,2.45,3.3,2.4,2.5,3.25,2.55,2.66,3.46,2.5,2.5,3.4,2.45,2.58,3.45,2.45,2.68,3.5,2.6,2.58,3.38,2.48,2.6,3.5,2.48,1.75,2.05,1.75,2.05,1.75,2.07,1.73,2.02,1.74,2.04,0,1.93,1.88,1.97,1.85,1.97,1.89,1.92,1.86,1.95,1.85,2.9,3.3,2.35,2.75,3.4,2.15,2.7,3.25,2.2,2.8,3.59,2.41,2.5,3.4,2.45,2.91,3.31,2.36,2.91,3.59,2.45,2.77,3.41,2.32,2.84,3.75,2.46,1.75,2.05,1.76,2.09,1.81,2.1,1.74,2.03,1.78,2.14,0.25,1.78,2.03,1.76,2.1,1.8,2.1,1.76,2.01,1.8,2.14
EC,10/08/2024,15:00,Gateshead,Ebbsfleet,5,1,H,3,0,H,M Mcquillan,2,5,0,0,1.9,3.4,4,1.88,3.5,3.25,1.9,3.4,3.6,1.88,3.78,3.66,1.85,3.6,3.5,1.88,3.65,3.66,1.92,3.82,4,1.88,3.61,3.61,1.9,3.7,3.65,1.7,2.1,1.71,2.1,1.73,2.14,1.69,2.07,1.71,2.1,-0.5,1.9,1.9,1.9,1.92,1.9,1.92,1.87,1.87,1.9,1.92,1.85,3.4,4.1,1.8,3.5,3.6,1.75,3.7,3.5,1.86,3.95,3.81,1.85,3.6,3.5,1.86,3.43,4.13,1.87,3.95,4.13,1.84,3.66,3.73,1.92,4.2,3.95,1.7,2.1,1.72,2.15,1.74,2.2,1.69,2.09,1.73,2.24,-0.5,1.83,1.98,1.87,1.98,1.87,1.99,1.82,1.92,1.92,2.04
EC,10/08/2024,15:00,Halifax,Barnet,2,1,H,0,0,D,P Marsden,3,2,0,0,3.1,3.5,2.2,2.95,3.4,2.05,3.1,3.3,2.05,3.2,3.49,2.14,3,3.4,2.1,3.15,3.46,2.12,3.23,3.5,2.28,3.09,3.41,2.12,3.1,3.5,2.18,1.8,2,1.81,2.01,1.81,2.02,1.77,1.98,1.78,2,0.25,1.9,1.9,1.94,1.87,1.94,1.9,1.9,1.84,1.95,1.89,3.8,3.7,1.9,3.4,3.4,1.85,3.5,3.3,1.85,3.99,3.73,1.87,3,3.4,2.1,3.76,3.67,1.89,3.99,3.73,1.94,3.7,3.57,1.87,4,3.75,1.92,1.73,2.08,1.78,2.07,1.81,2.1,1.74,2.02,1.79,2.14,0.5,1.9,1.9,1.97,1.88,1.97,1.94,1.88,1.87,2,1.92
EC,10/08/2024,15:00,Maidenhead,Eastleigh,0,2,A,0,2,A,J O'Connor,2,4,0,0,2.1,3.4,3.5,1.9,3.4,3.25,1.91,3.4,3.4,1.93,3.75,3.52,1.85,3.6,3.5,1.94,3.62,3.5,2.1,3.76,3.56,1.94,3.58,3.44,2.02,3.7,3.6,1.7,2.1,1.69,2.13,1.7,2.18,1.68,2.09,1.7,2.14,-0.5,2.05,1.75,1.95,1.87,2.05,1.87,1.94,1.8,2.02,1.88,2.2,3.3,3.25,2.05,3.4,2.95,2.05,3.3,3,2.2,3.87,2.97,1.85,3.6,3.5,2.19,3.29,3.24,2.2,3.87,3.25,2.14,3.51,3.01,2.24,3.8,3.2,1.7,2.1,1.69,2.19,1.7,2.2,1.67,2.12,1.7,2.26,-0.25,1.9,1.9,1.94,1.91,1.94,1.95,1.87,1.89,1.95,2.01
EC,10/08/2024,15:00,Oldham,Braintree Town,3,0,H,2,0,H,P Cooper,0,2,0,0,1.75,3.5,4.75,1.71,3.5,4,1.7,3.5,4.33,1.81,3.5,4.33,1.75,3.6,4,1.78,3.64,4.15,1.83,3.64,4.75,1.77,3.51,4.25,1.84,3.5,4.3,1.95,1.85,1.88,1.93,1.95,1.93,1.86,1.87,1.51,1.89,-0.75,1.98,1.83,2.07,1.76,2.07,1.83,1.98,1.78,2.06,1.82,1.8,3.3,4.75,1.77,3.3,3.9,1.75,3.3,3.9,1.88,3.46,4.35,1.75,3.6,4,1.8,3.3,4.75,1.88,3.5,4.75,1.82,3.37,4.21,1.92,3.6,4.3,2.03,1.78,2.04,1.81,2.11,1.88,1.99,1.76,2.12,1.83,-0.5,1.8,2,1.88,1.97,1.88,2,1.82,1.93,1.86,2.07
EC,10/08/2024,15:00,Southend,York,1,1,D,1,0,H,F Hallam,1,1,0,0,1.8,3.5,4.33,1.75,3.5,3.75,1.75,3.5,4,1.72,3.75,4.5,1.75,3.6,4,1.73,3.74,4.3,1.82,3.8,4.6,1.75,3.61,4.25,1.79,3.75,4.4,1.9,1.9,1.83,1.98,1.9,2,1.8,1.93,1.81,1.99,-0.75,2.05,1.75,1.96,1.86,2.05,1.86,1.93,1.82,2.01,1.83,1.8,3.4,4.5,1.75,3.4,3.9,1.7,3.4,4,1.78,3.76,4.46,1.75,3.6,4,1.81,3.41,4.51,1.82,3.76,4.51,1.77,3.52,4.26,1.83,3.8,4.5,1.95,1.85,1.98,1.85,1.98,2,1.92,1.83,2,1.9,-0.75,2,1.8,2.03,1.83,2.03,1.83,1.99,1.79,2.05,1.82
EC,10/08/2024,15:00,Tamworth,Sutton,1,1,D,0,0,D,A Byrne,3,3,0,0,3,3.4,2.3,2.75,3.4,2.15,2.88,3.3,2.2,2.95,3.25,2.39,2.75,3.5,2.2,2.87,3.45,2.27,3,3.5,2.4,2.89,3.33,2.28,2.84,3.55,2.36,1.75,2.05,1.81,2,1.81,2.08,1.75,1.99,1.66,1.87,0.25,1.83,1.98,1.78,2.07,1.83,2.07,1.79,1.96,1.84,2.04,3.1,3.4,2.25,2.87,3.3,2.1,2.8,3.25,2.15,2.99,3.43,2.36,2.75,3.5,2.2,3.08,3.38,2.23,3.1,3.5,2.36,2.96,3.33,2.23,2.94,3.65,2.38,1.75,2.05,1.77,2.08,1.81,2.08,1.75,2,1.81,2.1,0.25,1.83,1.98,1.82,2.05,1.85,2.05,1.82,1.96,1.84,2.08
EC,10/08/2024,15:00,Yeovil,Hartlepool,0,1,A,0,0,D,D Rock,2,4,0,0,2.3,3.4,3,2.1,3.4,2.8,2.2,3.3,2.8,2.39,3.45,2.81,2.2,3.5,2.75,2.31,3.5,2.78,2.4,3.55,3,2.29,3.41,2.82,2.38,3.5,2.82,1.7,2.1,1.72,2.08,1.73,2.1,1.7,2.06,1.7,2.1,-0.25,1.98,1.83,2.07,1.75,2.07,1.86,1.97,1.78,2.06,1.81,2.45,3.3,2.8,2.25,3.3,2.65,2.25,3.2,2.63,2.5,3.45,2.78,2.2,3.5,2.75,2.45,3.3,2.8,2.5,3.45,2.8,2.39,3.33,2.72,2.58,3.6,2.78,1.83,1.98,1.83,2.01,1.89,2.08,1.79,1.96,1.86,2.06,0,1.8,2,1.83,2.03,1.83,2.03,1.8,2.01,1.87,2.02
EC,17/08/2024,15:00,Boston Utd,Forest Green,0,4,A,0,3,A,L Impey,2,1,0,0,3.2,3.4,2.2,2.95,3.2,2.15,3.1,3.2,2.1,3.13,3.45,2.19,3,3.3,2.15,3.15,3.28,2.19,3.2,3.45,2.25,3.08,3.33,2.18,3.45,3.3,2.12,2,1.8,2.03,1.78,2.03,1.85,1.98,1.76,1.97,1.75,0.25,1.9,1.9,1.91,1.91,1.91,1.91,1.86,1.88,2.04,1.86,4,3.5,1.9,3.6,3.3,1.85,3.9,3.3,1.75,3.84,3.68,1.93,3,3.3,2.15,3.97,3.48,1.89,4,3.69,2,3.76,3.49,1.89,4.4,3.8,1.93,2.03,1.78,1.98,1.86,2.08,1.86,1.98,1.78,2,1.92,0.5,1.9,1.9,1.92,1.93,1.96,1.93,1.87,1.88,1.99,1.93
EC,17/08/2024,15:00,Braintree Town,Yeovil,0,1,A,0,0,D,C Walchester,2,2,0,0,2.6,3.2,2.7,2.45,3.1,2.55,2.6,3,2.6,2.73,3.12,2.64,2.6,3.2,2.5,2.66,3.13,2.57,2.75,3.2,2.7,2.64,3.08,2.62,2.76,3,2.72,2.25,1.62,2.35,1.57,2.35,1.62,2.25,1.58,2.3,1.61,0,1.85,1.95,1.94,1.88,1.94,1.97,1.88,1.91,1.96,1.92,2.8,3.2,2.55,2.65,2.95,2.45,2.63,2.88,2.4,2.88,2.95,2.76,2.6,3.2,2.5,2.81,3.11,2.56,2.88,3.2,2.76,2.76,3,2.58,2.98,2.98,2.74,2.35,1.57,2.36,1.6,2.36,1.61,2.29,1.58,2.42,1.65,0,2,1.8,1.97,1.88,2.07,1.88,2.01,1.83,2.02,1.86
EC,17/08/2024,15:00,Eastleigh,Fylde,4,2,H,1,2,A,J Richardson,3,4,1,0,2.3,3.6,2.8,2.25,3.4,2.55,2.3,3.3,2.63,2.5,3.24,2.81,2.3,3.5,2.62,2.39,3.4,2.69,2.5,3.6,2.82,2.39,3.37,2.71,2.4,3.65,2.7,1.67,2.15,1.75,2.06,1.75,2.16,1.69,2.09,1.74,2.08,0,1.73,2.08,1.8,2.03,1.8,2.08,1.77,2.02,1.85,2.05,2.3,3.4,3,2.25,3.4,2.55,2.2,3.3,2.7,2.41,3.38,2.94,2.3,3.5,2.62,2.29,3.38,2.98,2.41,3.6,3,2.32,3.39,2.8,2.46,3.5,3,1.7,2.1,1.75,2.11,1.75,2.2,1.67,2.11,1.74,2.26,-0.25,2.03,1.78,2.09,1.79,2.09,1.84,2.02,1.76,2.13,1.82
EC,17/08/2024,15:00,Ebbsfleet,Barnet,1,2,A,0,1,A,S Copeland,5,2,0,0,3.7,3.5,1.91,3.25,3.5,1.88,3.3,3.6,1.91,3.58,3.78,1.91,3.4,3.6,1.91,3.53,3.72,1.9,3.7,3.81,1.98,3.46,3.65,1.92,3.35,3.75,1.94,1.57,2.35,1.54,2.42,1.57,2.42,1.53,2.38,1.53,2.36,0.5,1.83,1.98,1.89,1.93,1.89,1.99,1.84,1.91,1.91,1.94,3.7,3.5,1.95,3.1,3.5,1.93,3.25,3.5,1.9,3.46,3.88,1.98,3.4,3.6,1.91,3.7,3.5,1.95,3.75,3.9,2,3.43,3.67,1.93,3.5,3.85,2.12,1.6,2.3,1.57,2.43,1.6,2.43,1.55,2.35,1.63,2.44,0.5,1.83,1.98,1.86,1.99,1.88,2,1.84,1.92,1.92,2
EC,17/08/2024,15:00,Halifax,Aldershot,0,1,A,0,1,A,G Rhodes,2,4,0,0,2.6,3.3,2.63,2.4,3.3,2.45,2.5,3.3,2.5,2.54,3.46,2.62,2.45,3.5,2.45,2.51,3.38,2.56,2.6,3.55,2.63,2.5,3.39,2.56,2.5,3.4,2.58,1.7,2.1,1.72,2.1,1.73,2.2,1.69,2.08,1.69,2.06,0,1.88,1.93,1.88,1.93,1.88,1.93,1.86,1.91,1.85,1.91,2.15,3.4,3.3,2.1,3.4,2.8,2.1,3.3,2.88,2.25,3.61,3.05,2.45,3.5,2.45,2.2,3.3,3.2,2.3,3.61,3.3,2.19,3.42,2.98,2.26,3.7,3.1,1.75,2.05,1.75,2.11,1.81,2.15,1.71,2.06,1.76,2.2,-0.25,1.88,1.93,1.96,1.89,1.96,1.98,1.9,1.88,1.96,1.93
EC,17/08/2024,15:00,Hartlepool,Southend,0,0,D,0,0,D,P Marsden,3,3,1,0,3.3,3.4,2.15,3,3.25,2.05,3.25,3.25,2.05,3.22,3.48,2.13,3.1,3.4,2.05,3.24,3.32,2.13,3.3,3.55,2.2,3.17,3.36,2.11,3.2,3.3,2.16,1.98,1.83,2.01,1.8,2.01,1.85,1.96,1.78,1.61,1.57,0.25,1.95,1.85,1.95,1.86,1.95,1.91,1.91,1.83,1.96,1.89,2.88,3.25,2.5,2.75,3.1,2.3,2.7,3,2.3,2.84,3.3,2.53,3.1,3.4,2.05,2.84,3.21,2.47,2.91,3.5,2.53,2.8,3.22,2.41,2.9,3.25,2.62,2,1.8,2.12,1.74,2.12,1.8,2.04,1.73,2.22,1.77,0,2.03,1.78,2.05,1.82,2.06,1.82,2.04,1.78,2.04,1.87
EC,17/08/2024,15:00,Rochdale,Dag and Red,1,1,D,0,0,D,S Jackson,1,2,0,0,2.2,3.5,3.2,2.1,3.3,2.9,2.15,3.25,3,2.19,3.35,3.22,2.1,3.3,3.1,2.18,3.32,3.15,2.28,3.5,3.23,2.17,3.33,3.09,2.22,3.5,3.3,1.9,1.9,1.92,1.88,1.92,1.9,1.87,1.86,1.9,1.75,-0.25,1.93,1.88,1.9,1.92,1.93,1.92,1.86,1.88,1.93,1.96,2.05,3.5,3.5,2,3.25,3.2,1.95,3.3,3.1,2.13,3.51,3.37,2.1,3.3,3.1,2.03,3.46,3.46,2.13,3.51,3.75,2.05,3.38,3.32,2.18,3.65,3.5,1.95,1.85,1.93,1.91,1.99,1.93,1.89,1.85,1.95,1.95,-0.25,1.8,2,1.85,2,1.85,2.04,1.8,1.99,1.88,2.08
EC,17/08/2024,15:00,Solihull,Maidenhead,2,1,H,0,0,D,R Martin,1,0,0,0,1.8,3.5,4.5,1.8,3.4,3.6,1.75,3.6,4,1.81,3.75,4.02,1.75,3.7,3.8,1.81,3.7,3.91,1.82,3.79,4.5,1.79,3.62,3.96,1.83,3.65,4.2,1.75,2.05,1.74,2.06,1.75,2.06,1.73,2.03,1.41,1.87,-0.5,1.8,2,1.82,2.01,1.82,2.01,1.78,1.97,1.83,2.11,1.7,3.6,5,1.68,3.6,4.1,1.65,3.6,4,1.74,4.02,4.37,1.75,3.7,3.8,1.73,3.59,4.74,1.8,4.02,5,1.72,3.75,4.31,1.81,4.1,4.6,1.75,2.05,1.73,2.13,1.81,2.15,1.73,2.04,1.76,2.2,-0.75,1.88,1.93,1.95,1.89,1.95,1.97,1.91,1.87,2.01,1.89
EC,17/08/2024,15:00,Sutton,Altrincham,5,0,H,4,0,H,S Parkinson,2,0,0,0,2.05,3.4,3.3,2,3.5,2.95,1.95,3.6,3.1,2.06,3.75,3.18,2,3.7,3,2.04,3.7,3.14,2.07,3.82,3.3,2.03,3.64,3.14,2.1,3.8,3.25,1.57,2.35,1.6,2.33,1.6,2.4,1.56,2.31,,,-0.25,1.8,2,1.82,2.01,1.82,2.01,1.78,1.97,1.86,2.07,2.2,3.3,3,2.15,3.5,2.75,2.1,3.4,2.8,2.21,3.87,2.94,2,3.7,3,2.25,3.37,3.06,2.25,3.87,3.1,2.17,3.59,2.91,2.32,3.85,3.15,1.65,2.2,1.62,2.32,1.65,2.4,1.58,2.27,1.66,2.46,-0.25,1.98,1.83,1.95,1.9,2.02,1.9,1.93,1.85,2.02,1.95
EC,17/08/2024,15:00,Wealdstone,Oldham,0,1,A,0,0,D,B Wyatt,3,2,1,0,2.63,3.2,2.75,2.4,3.2,2.5,2.55,3.1,2.55,2.63,3.27,2.64,2.45,3.4,2.5,2.54,3.3,2.58,2.64,3.4,2.75,2.55,3.23,2.61,2.58,3.4,2.6,1.88,1.93,1.88,1.92,1.88,1.93,1.85,1.88,1.87,1.93,0,1.88,1.93,1.9,1.92,1.9,1.95,1.86,1.92,1.89,1.92,2.8,3.2,2.6,2.55,3.2,2.37,2.55,3,2.4,2.88,3.38,2.46,2.45,3.4,2.5,2.76,3.15,2.57,2.88,3.38,2.63,2.7,3.22,2.48,2.96,3.4,2.48,1.9,1.9,1.9,1.93,1.97,1.93,1.88,1.87,1.94,1.96,0,2,1.8,2.09,1.78,2.09,1.84,2.02,1.81,2.16,1.79
EC,17/08/2024,15:00,Woking,Gateshead,0,2,A,0,1,A,M Russell,4,1,1,0,3.1,3.5,2.2,2.7,3.25,2.25,2.8,3.25,2.2,2.88,3.58,2.28,2.75,3.3,2.3,2.9,3.35,2.3,3.1,3.61,2.38,2.86,3.42,2.26,2.82,3.45,2.32,1.85,1.95,1.84,1.96,1.85,1.96,1.81,1.92,1.81,1.65,0.25,1.9,1.9,1.82,2,1.9,2,1.8,1.93,1.8,2.01,3.75,3.6,1.91,3.4,3.4,1.87,3.4,3.3,1.85,3.51,3.76,2,2.75,3.3,2.3,3.75,3.6,1.91,3.75,3.79,2.05,3.46,3.58,1.94,3.85,3.7,2.04,1.83,1.98,1.83,2.01,1.95,2.01,1.81,1.94,1.86,2.06,0.5,1.83,1.98,1.85,2.01,1.9,2.01,1.82,1.94,1.92,2.04
EC,17/08/2024,15:00,York,Tamworth,2,0,H,0,0,D,J Westgate,2,4,0,0,1.83,3.6,4.1,1.78,3.3,3.9,1.75,3.3,4.2,1.87,3.43,4.11,1.8,3.4,4,1.85,3.44,4.06,1.9,3.6,4.33,1.84,3.39,4.04,1.83,3.5,4.4,2.03,1.78,2.13,1.69,2.15,1.81,2.07,1.7,2.08,1.73,-0.5,1.83,1.98,1.88,1.93,1.88,1.99,1.82,1.93,1.83,2.08,2,3.4,3.7,1.95,3.2,3.4,1.85,3.25,3.5,2,3.49,3.77,1.8,3.4,4,1.99,3.38,3.68,2.05,3.49,4.1,1.96,3.35,3.62,2.04,3.7,4,2.1,1.7,2.12,1.74,2.21,1.76,2.07,1.71,2.1,1.84,-0.5,2.03,1.78,2.01,1.85,2.06,1.85,1.97,1.8,2.04,1.92
EC,20/08/2024,19:45,Barnet,Forest Green,1,0,H,0,0,D,A Humphries,0,1,0,1,1.8,3.75,3.7,1.78,3.6,3.6,1.67,3.6,4.33,1.81,3.91,4.08,1.8,3.6,3.7,1.79,3.82,3.88,1.85,3.91,4.33,1.79,3.74,3.85,1.82,3.8,4.1,1.65,2.2,1.64,2.27,1.65,2.27,1.63,2.19,1.65,2.32,-0.5,1.8,2,1.82,2.05,1.85,2.05,1.79,1.98,1.82,2.06,1.83,3.75,3.6,1.82,3.6,3.4,1.8,3.5,3.3,1.93,3.86,3.62,1.8,3.6,3.7,1.87,3.82,3.67,1.93,3.87,3.9,1.86,3.71,3.6,2,4.1,3.7,1.67,2.15,1.68,2.22,1.69,2.25,1.64,2.16,1.69,2.28,-0.5,1.88,1.93,1.94,1.91,1.94,1.98,1.86,1.9,2,1.94
EC,20/08/2024,19:45,Braintree Town,Aldershot,2,1,H,0,1,A,W Cartmel,3,3,0,0,3.1,3.2,2.2,2.8,3.3,2.15,2.88,3.3,2.2,3.13,3.41,2.28,2.88,3.4,2.2,2.98,3.5,2.19,3.13,3.5,2.28,2.98,3.34,2.22,3.1,3.65,2.28,1.75,2.05,1.78,2.06,1.78,2.07,1.74,2.01,1.8,2.1,0.25,1.85,1.95,1.88,1.98,1.91,1.99,1.83,1.93,1.97,1.99,3.3,3.3,2.05,3.1,3.4,2,3.3,3.3,1.91,3.38,3.56,2.11,2.88,3.4,2.2,3.38,3.38,2.1,3.38,3.56,2.2,3.24,3.42,2.06,3.65,3.75,2.12,1.75,2.05,1.76,2.09,1.81,2.09,1.74,2.03,1.81,2.14,0.25,2,1.8,2.02,1.84,2.02,1.85,1.98,1.8,2.14,1.83
EC,20/08/2024,19:45,Eastleigh,Solihull,2,1,H,2,0,H,E Swallow,6,2,0,0,2.7,3.3,2.35,2.6,3.4,2.25,2.63,3.4,2.3,2.67,3.89,2.39,2.62,3.5,2.3,2.66,3.55,2.34,2.75,3.89,2.39,2.65,3.59,2.33,2.72,3.85,2.44,1.67,2.15,1.65,2.27,1.67,2.27,1.64,2.17,1.67,2.3,0,2.03,1.78,2.04,1.82,2.07,1.82,2.03,1.78,2.08,1.86,2.55,3.25,2.45,2.5,3.4,2.3,2.4,3.3,2.38,2.64,3.7,2.5,2.62,3.5,2.3,2.64,3.37,2.54,2.65,3.7,2.54,2.58,3.51,2.42,2.72,3.7,2.66,1.73,2.08,1.79,2.05,1.81,2.25,1.71,2.07,1.72,2.28,0,1.98,1.83,1.98,1.88,1.98,1.88,1.97,1.84,2,1.97
EC,20/08/2024,19:45,Halifax,Gateshead,1,1,D,0,0,D,D Drysdale,1,2,0,0,3.1,3.25,2.15,2.9,3.3,2.1,3,3.3,2.1,3.22,3.6,2.16,3,3.4,2.1,3.02,3.42,2.2,3.22,3.6,2.2,3.08,3.42,2.13,3.3,3.6,2.26,1.85,1.95,1.87,1.97,1.87,1.97,1.82,1.92,1.87,1.99,0.25,1.93,1.88,1.96,1.88,1.96,1.91,1.89,1.86,2,1.95,3.2,3.25,2.1,3,3.3,2,3,3.2,2.05,3.21,3.6,2.17,3,3.4,2.1,3.28,3.33,2.15,3.28,3.6,2.17,3.12,3.41,2.11,3.3,3.65,2.28,1.83,1.98,1.88,1.96,1.89,2.01,1.82,1.93,1.92,2.02,0.25,1.98,1.83,1.96,1.89,2.04,1.89,1.95,1.84,1.96,1.97
EC,20/08/2024,19:45,Maidenhead,Altrincham,0,1,A,0,1,A,O Mackey,3,1,0,0,2.55,3.2,2.55,2.4,3.3,2.45,2.5,3.3,2.5,2.58,3.42,2.7,2.45,3.4,2.5,2.49,3.45,2.54,2.58,3.5,2.7,2.51,3.35,2.57,2.64,3.5,2.82,1.75,2.05,1.79,2.04,1.79,2.1,1.74,2.01,1.8,2.08,0,1.88,1.93,1.88,1.97,1.91,1.97,1.88,1.92,1.91,2.01,2.5,3.2,2.6,2.35,3.3,2.5,2.3,3.2,2.5,2.63,3.37,2.68,2.45,3.4,2.5,2.57,3.29,2.67,2.63,3.5,2.68,2.49,3.33,2.6,2.66,3.45,2.84,1.8,2,1.85,2,1.89,2.1,1.78,1.97,1.84,2.06,0,1.88,1.93,1.91,1.94,1.91,1.98,1.88,1.93,1.91,2.02
EC,20/08/2024,19:45,Oldham,Fylde,1,1,D,0,1,A,W Davis,3,1,0,0,1.9,3.5,3.5,1.88,3.3,3.4,1.83,3.3,3.9,1.93,3.59,3.95,1.91,3.4,3.5,1.9,3.52,3.73,1.95,3.61,3.95,1.9,3.47,3.68,1.96,3.65,4,1.9,1.9,1.9,1.93,1.93,1.93,1.87,1.87,1.9,1.99,-0.5,1.93,1.88,1.93,1.92,1.96,1.92,1.9,1.86,1.96,1.96,1.85,3.6,3.5,1.85,3.4,3.4,1.75,3.5,3.5,1.89,3.79,3.85,1.91,3.4,3.5,1.91,3.72,3.61,1.95,3.79,3.85,1.88,3.57,3.65,1.94,4,4,1.75,2.05,1.77,2.08,1.97,2.08,1.79,1.97,1.81,2.14,-0.5,1.9,1.9,1.9,1.95,1.91,1.95,1.87,1.89,1.95,2.01
EC,20/08/2024,19:45,Southend,Boston Utd,2,0,H,1,0,H,A Dale,1,1,0,0,1.5,4.1,5.5,1.52,3.6,5.5,1.47,3.75,6,1.52,4.05,6.55,1.55,3.6,5.5,1.56,3.8,5.74,1.57,4.1,6.55,1.54,3.78,5.76,1.58,4,7,2.08,1.73,2.08,1.76,2.12,1.76,2.07,1.7,2.1,1.78,-1,1.98,1.83,1.98,1.88,1.98,1.88,1.94,1.83,2,1.89,1.3,5,8,1.32,4.5,7.75,1.22,4.6,9,1.36,4.85,8.65,1.55,3.6,5.5,1.33,5.12,8.18,1.36,5.12,9.5,1.32,4.73,8.37,1.34,5.5,12.5,1.9,1.9,1.93,1.91,1.97,1.92,1.89,1.85,1.94,1.97,-1.25,1.78,2.03,1.85,2,1.85,2.06,1.78,1.99,1.83,2.13
EC,20/08/2024,19:45,Tamworth,Hartlepool,0,1,A,0,0,D,M Crusham,2,3,0,0,2.63,3.4,2.38,2.7,3.2,2.25,2.63,3.3,2.38,2.81,3.28,2.57,2.7,3.25,2.38,2.72,3.28,2.43,2.81,3.4,2.57,2.71,3.25,2.44,2.98,3.25,2.72,2,1.8,2.07,1.78,2.07,1.84,1.97,1.78,2.08,1.82,0,2,1.8,2.02,1.84,2.02,1.84,2,1.81,2.09,1.9,2.7,3.3,2.35,2.7,3.2,2.25,2.7,3,2.3,2.83,3.3,2.54,2.7,3.25,2.38,2.7,3.5,2.42,2.83,3.5,2.54,2.74,3.26,2.41,2.94,3.35,2.56,2.05,1.75,2.12,1.74,2.12,1.81,2.01,1.75,2.08,1.85,0,2.03,1.78,2.04,1.83,2.05,1.83,2.03,1.78,2.13,1.81
EC,20/08/2024,19:45,Wealdstone,Sutton,0,1,A,0,1,A,R Massey-Ellis,2,3,0,0,2.9,3.25,2.25,2.75,3.2,2.25,3,3.25,2.15,3.09,3.46,2.29,2.88,3.4,2.2,2.97,3.44,2.22,3.09,3.46,2.3,2.95,3.34,2.24,3.25,3.6,2.32,1.85,1.95,1.85,1.99,1.88,1.99,1.82,1.92,1.86,2.02,0.25,1.83,1.98,1.87,1.98,1.87,2.02,1.81,1.96,1.96,1.99,2.75,3.3,2.3,2.7,3.3,2.2,2.6,3.1,2.3,2.81,3.52,2.44,2.88,3.4,2.2,2.77,3.38,2.43,2.9,3.52,2.44,2.75,3.39,2.34,2.92,3.5,2.62,1.75,2.05,1.76,2.09,1.81,2.1,1.74,2.03,1.79,2.2,0,2.05,1.75,2.07,1.8,2.07,1.8,2.04,1.77,2.12,1.89
EC,20/08/2024,19:45,Woking,Dag and Red,1,0,H,0,0,D,R Atkin,0,2,0,0,2.4,3.1,2.75,2.3,3.2,2.65,2.4,3.1,2.7,2.54,3.3,2.83,2.38,3.25,2.75,2.43,3.28,2.72,2.54,3.3,2.84,2.42,3.22,2.76,2.64,3.2,2.96,2.08,1.73,2.03,1.82,2.08,1.82,2,1.75,2.1,1.83,0,1.78,2.03,1.83,2.04,1.83,2.04,1.79,2.01,1.85,2.08,2.4,3.1,2.75,2.4,3.2,2.5,2.3,3,2.63,2.61,3.28,2.77,2.38,3.25,2.75,2.48,3.2,2.84,2.61,3.34,2.84,2.48,3.22,2.69,2.7,3.35,2.78,2.08,1.73,2.06,1.78,2.11,1.85,1.99,1.77,1.98,1.94,0,1.78,2.03,1.87,1.99,1.9,2.03,1.82,1.99,1.91,2.02
EC,20/08/2024,19:45,Yeovil,Ebbsfleet,3,2,H,2,0,H,G Rollason,1,2,0,0,1.7,3.7,4.2,1.71,3.4,4.1,1.67,3.6,4.4,1.74,3.77,4.69,1.7,3.5,4.4,1.73,3.58,4.55,1.79,3.78,4.69,1.72,3.65,4.4,1.8,3.6,4.7,2.05,1.75,2.06,1.78,2.13,1.8,2.01,1.74,2.06,1.85,-0.75,1.98,1.83,1.97,1.88,1.98,1.88,1.93,1.82,2.04,1.82,1.83,3.4,3.9,1.77,3.25,4,1.7,3.1,4.5,1.85,3.45,4.5,1.7,3.5,4.4,1.84,3.57,4.08,1.86,3.7,4.51,1.81,3.4,4.23,1.89,3.55,5.1,2.2,1.65,2.28,1.65,2.28,1.73,2.17,1.64,2.36,1.69,-0.5,1.85,1.95,1.85,2,1.87,2,1.81,1.95,1.89,2.11
EC,20/08/2024,19:45,York,Rochdale,1,0,H,1,0,H,J Mulligan,6,1,0,0,2.5,3.2,2.75,2.35,3.2,2.55,2.4,3.1,2.63,2.52,3.29,2.87,2.4,3.25,2.7,2.43,3.28,2.71,2.52,3.3,2.87,2.43,3.23,2.74,2.6,3.3,2.92,2.03,1.78,2.02,1.83,2.1,1.83,1.98,1.76,2.08,1.81,0,1.8,2,1.81,2.06,1.83,2.06,1.8,2.01,1.86,2.12,2.4,3.25,2.8,2.25,3.2,2.7,2.25,3.25,2.63,2.48,3.4,2.84,2.4,3.25,2.7,2.38,3.29,2.9,2.5,3.4,2.94,2.37,3.27,2.8,2.5,3.7,2.92,1.98,1.83,1.97,1.87,2.1,1.87,1.96,1.79,2,1.93,0,1.75,2.05,1.8,2.07,1.8,2.13,1.76,2.07,1.84,2.15
EC,23/08/2024,19:45,Dag and Red,Halifax,1,1,D,1,0,H,E Swallow,2,1,0,0,2.15,3.3,3.2,2.05,3.2,3,2.1,3.1,3.25,2.19,3.44,3.29,2.05,3.25,3.25,2.15,3.32,3.2,2.2,3.44,3.4,2.14,3.29,3.17,2.32,3.4,3.25,2.05,1.75,2.04,1.81,2.08,1.81,2,1.75,2.06,1.84,-0.25,1.88,1.93,1.9,1.95,1.93,1.96,1.85,1.91,2,1.91,2.25,3.2,3,2.2,3.2,2.8,2.1,3.1,2.9,2.23,3.47,3.19,2.05,3.25,3.25,2.3,3.26,3.06,2.3,3.47,3.22,2.23,3.25,3.04,2.34,3.5,3.3,2.05,1.75,2.03,1.81,2.13,1.81,2.04,1.73,2.14,1.79,-0.25,1.95,1.85,1.93,1.92,2,1.92,1.93,1.84,2.03,1.94
EC,24/08/2024,12:30,Gateshead,Yeovil,3,1,H,2,1,H,M Woods,2,1,0,0,1.75,3.6,4,1.73,3.5,3.8,1.73,3.6,4,1.76,3.8,4.42,2.05,3.3,3.2,1.76,3.68,4.2,1.81,3.8,4.42,1.76,3.63,4.12,1.77,3.9,4.3,1.88,1.93,1.84,1.99,1.89,1.99,1.82,1.92,1.83,1.96,-0.75,2.05,1.75,1.99,1.85,2.05,1.85,1.97,1.79,1.97,1.83,1.57,3.9,4.75,1.53,3.9,4.75,1.47,4,5.5,1.59,4.17,5.34,2.05,3.3,3.2,1.59,4.1,5.12,1.76,4.17,5.5,1.59,3.93,4.92,1.6,4.5,6.2,1.83,1.98,1.79,2.04,1.83,2.1,1.77,1.99,1.78,2.12,-0.75,1.75,2.05,1.76,2.11,1.96,2.13,1.79,2,1.75,2.26
EC,24/08/2024,15:00,Aldershot,Oldham,4,1,H,1,0,H,M Russell,1,2,0,0,2.2,3.6,2.8,2.15,3.3,2.75,2.2,3.3,2.8,2.28,3.56,2.88,2.2,3.5,2.8,2.27,3.46,2.86,2.3,3.6,2.9,2.23,3.47,2.85,2.32,3.45,2.88,1.75,2.05,1.77,2.03,1.77,2.05,1.74,2,,,-0.25,1.98,1.83,2.01,1.82,2.01,1.83,1.94,1.8,2.01,1.8,2.5,3.4,2.5,2.4,3.25,2.5,2.55,3.25,2.4,2.69,3.62,2.49,2.2,3.5,2.8,2.56,3.48,2.56,2.69,3.62,2.6,2.54,3.43,2.5,2.84,3.7,2.6,1.9,1.9,1.83,2.01,1.97,2.01,1.84,1.91,1.98,1.96,0,1.93,1.88,2,1.85,2,1.9,1.93,1.88,2.08,1.9
EC,24/08/2024,15:00,Altrincham,Eastleigh,0,1,A,0,0,D,Z Kennard-Kettle,3,1,0,0,1.85,3.7,3.5,1.85,3.5,3.4,1.85,3.75,3.4,1.95,3.9,3.34,1.83,3.7,3.5,1.92,3.7,3.48,1.96,3.96,3.6,1.9,3.75,3.4,2,3.8,3.3,1.62,2.25,1.64,2.24,1.64,2.3,1.6,2.24,1.33,1.88,-0.5,1.9,1.9,1.97,1.85,1.97,1.92,1.9,1.86,2,1.83,2,3.5,3.25,2,3.3,3.1,2,3.5,3,2.08,3.9,3.19,1.83,3.7,3.5,2.05,3.58,3.33,2.11,3.93,3.33,2.01,3.67,3.18,2.12,4,3.3,1.73,2.08,1.75,2.1,1.75,2.2,1.68,2.12,1.75,2.22,-0.25,1.78,2.03,1.83,2.03,1.83,2.03,1.78,2.01,1.87,2.04
EC,24/08/2024,15:00,Barnet,Southend,2,1,H,1,0,H,G Rollason,1,3,0,0,1.95,3.4,3.5,1.95,3.3,3.2,1.95,3.3,3.4,1.94,3.56,3.65,2,3.4,3.25,1.95,3.54,3.54,2.05,3.56,3.75,1.95,3.44,3.52,1.94,3.6,3.7,1.85,1.95,1.83,1.97,1.91,1.97,1.83,1.91,,,-0.5,1.98,1.83,1.96,1.86,1.98,1.86,1.94,1.81,1.94,1.83,1.95,3.4,3.6,1.9,3.3,3.4,1.87,3.4,3.5,2.03,3.62,3.55,2,3.4,3.25,1.98,3.45,3.65,2.05,3.62,3.7,1.97,3.43,3.49,2.06,3.8,3.95,1.95,1.85,1.88,1.95,1.97,2.02,1.86,1.89,1.96,1.94,-0.5,1.98,1.83,2.04,1.83,2.04,1.88,1.97,1.8,2.06,1.93
EC,24/08/2024,15:00,Boston Utd,Tamworth,1,1,D,1,0,H,J Bancroft,5,4,0,0,2.75,3.1,2.38,2.7,3,2.37,2.8,3,2.38,2.91,2.99,2.58,,,,2.8,3.13,2.45,2.91,3.2,2.58,2.8,3.06,2.47,2.7,2.78,2.4,2.25,1.62,2.3,1.61,2.3,1.71,2.23,1.61,2.2,1.61,0,2.05,1.75,2.04,1.79,2.05,1.79,2.02,1.76,1.97,1.76,2.8,3.2,2.35,2.75,3.1,2.3,2.8,3,2.3,3.22,3.02,2.45,,,,2.87,3.28,2.41,3.22,3.28,2.46,2.95,3.09,2.36,3.15,3.15,2.58,2.25,1.62,2.32,1.62,2.33,1.71,2.22,1.61,2.34,1.67,0.25,1.78,2.03,1.79,2.08,1.81,2.09,1.77,2.02,1.8,2.17
EC,24/08/2024,15:00,Ebbsfleet,Woking,0,3,A,0,1,A,A Farmer,1,4,0,0,2.45,3.4,2.55,2.35,3.25,2.55,2.4,3.25,2.63,2.48,3.45,2.68,2.4,3.3,2.6,2.46,3.38,2.62,2.5,3.45,2.68,2.44,3.36,2.61,2.48,3.1,2.72,1.88,1.93,1.88,1.93,1.88,1.93,1.84,1.89,,,0,1.83,1.98,1.83,1.99,1.83,1.99,1.82,1.97,1.76,2.01,2.35,3.3,2.75,2.25,3.2,2.7,2.3,3.2,2.7,2.41,3.43,2.92,2.4,3.3,2.6,2.4,3.37,2.81,2.45,3.43,2.92,2.37,3.29,2.78,2.56,3.45,2.98,1.95,1.85,1.95,1.88,1.98,1.88,1.91,1.83,2,1.9,0,1.75,2.05,1.75,2.12,1.82,2.12,1.76,2.07,1.86,2.12
EC,24/08/2024,15:00,Fylde,Maidenhead,0,0,D,0,0,D,B Wyatt,3,1,0,0,2.15,3.4,2.9,2.1,3.3,2.85,2.15,3.3,3,2.24,3.58,2.94,2.15,3.4,2.9,2.23,3.46,2.93,2.24,3.58,3,2.19,3.44,2.93,2.22,3.55,2.98,1.8,2,1.78,2.03,1.8,2.05,1.75,1.99,,,-0.25,1.95,1.85,1.96,1.85,1.96,1.86,1.91,1.83,1.94,1.88,1.9,3.6,3.5,1.9,3.4,3.3,1.87,3.4,3.5,1.94,3.74,3.71,2.15,3.4,2.9,1.96,3.69,3.49,2.18,3.74,3.75,1.94,3.56,3.47,2.04,3.85,3.95,1.75,2.05,1.77,2.08,1.81,2.1,1.74,2.01,1.79,2.14,-0.25,1.65,2.2,1.7,2.2,1.9,2.2,1.73,2.07,1.77,2.27
EC,24/08/2024,15:00,Hartlepool,Wealdstone,1,1,D,0,1,A,D Baines,1,3,0,0,1.83,3.6,3.7,1.8,3.5,3.6,1.8,3.6,3.75,1.85,3.71,3.87,1.83,3.6,3.6,1.84,3.72,3.75,1.89,3.75,3.87,1.84,3.63,3.71,1.84,3.8,3.85,1.67,2.15,1.7,2.14,1.7,2.2,1.67,2.11,1.66,2.1,-0.5,1.85,1.95,1.86,1.96,1.86,1.96,1.83,1.91,1.85,1.96,1.73,3.7,4.2,1.73,3.5,3.9,1.7,3.7,4,1.78,3.93,4.24,1.83,3.6,3.6,1.76,3.76,4.27,1.83,3.93,4.27,1.77,3.69,4.02,1.84,4.1,4.5,1.73,2.08,1.73,2.13,1.81,2.13,1.71,2.06,1.78,2.2,-0.75,1.98,1.83,2.01,1.85,2.01,1.85,1.98,1.8,2.06,1.85
EC,24/08/2024,15:00,Rochdale,Forest Green,0,0,D,0,0,D,A Miller,0,1,0,0,2.15,3.5,3,2.1,3.4,2.85,2.1,3.3,3,2.21,3.53,3.03,,,,2.18,3.5,3,2.21,3.57,3.04,2.16,3.46,2.99,2.2,3.4,2.92,1.75,2.05,1.78,2.02,1.78,2.05,1.75,2,1.66,2.04,-0.25,1.93,1.88,1.93,1.88,1.93,1.89,1.88,1.86,1.97,1.87,2.25,3.5,2.7,2.25,3.4,2.6,2.25,3.3,2.7,2.26,3.8,2.9,,,,2.4,3.57,2.68,2.41,3.8,2.9,2.31,3.51,2.71,2.48,3.7,2.82,1.7,2.1,1.71,2.16,1.81,2.16,1.72,2.06,1.77,2.14,-0.25,2.03,1.78,1.99,1.86,2.07,1.86,2.02,1.76,2.16,1.78
EC,24/08/2024,15:00,Solihull,Braintree Town,1,1,D,0,1,A,W Davis,4,2,0,0,1.62,3.7,4.75,1.58,3.7,4.5,1.57,3.75,5,1.63,3.59,5.56,,,,1.63,3.84,4.88,1.66,3.84,5.56,1.62,3.66,5.04,1.62,3.85,5,1.83,1.98,1.85,1.95,1.85,1.98,1.8,1.93,1.83,1.94,-0.75,1.83,1.98,1.83,2,1.83,2,1.78,1.96,1.81,2.07,1.8,3.5,3.9,1.78,3.4,3.7,1.73,3.4,4.2,1.83,3.59,4.42,,,,1.85,3.59,4,1.87,3.61,4.47,1.8,3.5,4.09,1.83,3.7,4.7,1.83,1.98,1.89,1.94,1.89,2.02,1.83,1.92,1.91,1.98,-0.5,1.85,1.95,1.83,2.03,1.93,2.04,1.83,1.96,1.83,2.12
EC,24/08/2024,15:00,Sutton,York,2,2,D,0,0,D,E Bell,0,2,0,0,2.05,3.4,3.25,1.98,3.25,3.25,1.95,3.25,3.5,2.16,3.38,3.26,,,,2.04,3.4,3.42,2.16,3.43,3.5,2.06,3.34,3.33,2.04,3.2,3.5,1.95,1.85,1.98,1.83,1.98,1.88,1.92,1.81,1.92,1.79,-0.25,1.83,1.98,1.88,1.94,1.88,2.02,1.78,1.97,1.81,2.02,2.38,3.3,2.7,2.3,3.2,2.65,2.38,3.1,2.7,2.5,3.42,2.8,,,,2.43,3.38,2.77,2.5,3.42,2.8,2.41,3.3,2.73,2.56,3.45,2.98,2.03,1.78,2.05,1.81,2.05,1.88,1.98,1.77,2.14,1.8,0,1.78,2.03,1.82,2.05,1.82,2.05,1.79,2.03,1.84,2.12
EC,26/08/2024,15:00,Braintree Town,Ebbsfleet,0,0,D,0,0,D,L Impey,2,1,0,0,2.25,3.3,2.88,2.2,3.3,2.7,2.1,3.4,3,2.24,3.65,3.04,2.2,3.4,2.88,2.23,3.48,2.92,2.3,3.65,3.04,2.22,3.44,2.9,2.3,3.75,3.2,1.8,2,1.81,2.03,1.81,2.03,1.77,1.97,1.81,2.06,-0.25,1.98,1.83,1.96,1.89,2.02,1.89,1.94,1.82,1.99,1.97,2.1,3.4,3.1,2.1,3.3,2.9,2.1,3.5,2.88,2.16,3.74,3.11,2.2,3.4,2.88,2.1,3.48,3.28,2.16,3.74,3.28,2.1,3.52,3.08,2.3,3.95,3.1,1.8,2,1.78,2.07,1.81,2.1,1.75,2,1.84,2.12,-0.25,1.85,1.95,1.9,1.95,1.91,1.96,1.84,1.94,2,1.97
EC,26/08/2024,15:00,Eastleigh,Sutton,1,1,D,1,1,D,S Mulhall,3,4,0,0,2.45,3.4,2.55,2.37,3.2,2.55,2.4,3.3,2.6,2.64,3.37,2.67,2.4,3.3,2.6,2.49,3.36,2.59,2.64,3.4,2.7,2.49,3.3,2.62,2.62,3.4,2.82,1.88,1.93,1.9,1.93,1.9,1.94,1.84,1.9,1.92,1.96,0,1.88,1.93,1.92,1.93,1.92,1.97,1.86,1.93,1.93,1.97,2.4,3.4,2.63,2.35,3.25,2.55,2.3,3.3,2.63,2.46,3.42,2.85,2.4,3.3,2.6,2.45,3.47,2.68,2.5,3.47,2.85,2.43,3.35,2.68,2.48,3.65,2.88,1.85,1.95,1.87,1.97,1.89,1.97,1.82,1.93,1.86,2.1,0,1.78,2.03,1.79,2.08,1.83,2.08,1.8,2.02,1.81,2.12
EC,26/08/2024,15:00,Forest Green,Altrincham,2,1,H,1,0,H,A Byrne,1,5,0,0,2.05,3.5,3.1,2,3.3,3,1.91,3.5,3.4,2.08,3.65,3.39,2.05,3.4,3.1,2.05,3.54,3.24,2.18,3.65,3.4,2.05,3.49,3.2,2.06,3.65,3.55,1.73,2.08,1.73,2.13,1.73,2.16,1.69,2.08,1.73,2.12,-0.25,1.8,2,1.82,2.05,1.83,2.05,1.79,1.97,1.79,2.17,1.83,3.6,3.7,1.82,3.5,3.5,1.8,3.7,3.5,1.9,3.7,3.9,2.05,3.4,3.1,1.88,3.68,3.78,1.95,3.75,3.9,1.87,3.64,3.68,1.95,4.1,3.85,1.73,2.08,1.78,2.05,1.78,2.14,1.72,2.06,1.84,2.12,-0.5,1.85,1.95,1.91,1.94,1.91,1.98,1.85,1.92,1.94,2
EC,26/08/2024,15:00,Halifax,Solihull,0,1,A,0,1,A,J Westgate,2,4,0,1,2.25,3.4,2.75,2.25,3.2,2.7,2.3,3.3,2.75,2.43,3.33,2.96,2.3,3.2,2.8,2.36,3.28,2.86,2.43,3.4,2.96,2.34,3.27,2.83,2.46,3.25,3.15,2,1.8,2.05,1.8,2.05,1.81,1.97,1.77,2.04,1.8,-0.25,2.03,1.78,2.1,1.78,2.1,1.79,2.02,1.75,2.1,1.8,2.38,3.4,2.63,2.3,3.2,2.6,2.3,3.2,2.63,2.62,3.3,2.74,2.3,3.2,2.8,2.43,3.49,2.69,2.62,3.49,2.85,2.46,3.29,2.67,2.72,3.45,2.8,2,1.8,2.11,1.75,2.11,1.86,1.99,1.78,2.06,1.86,0,1.83,1.98,1.88,1.97,1.88,2,1.83,1.99,1.94,1.99
EC,26/08/2024,15:00,Maidenhead,Barnet,3,1,H,2,1,H,R Watkins,1,3,0,0,3.5,3.8,1.83,3.4,3.6,1.8,3.6,3.75,1.8,3.74,4.05,1.86,3.5,3.7,1.83,3.73,3.8,1.83,3.75,4.05,1.87,3.58,3.81,1.83,3.85,4.1,1.89,1.6,2.3,1.61,2.34,1.66,2.35,1.59,2.27,1.64,2.42,0.5,1.95,1.85,1.99,1.87,2.03,1.87,1.92,1.83,2.12,1.88,3.8,3.8,1.75,3.5,3.6,1.77,3.8,3.7,1.75,4.01,3.98,1.81,3.7,3.7,1.8,3.9,3.9,1.8,4.01,4,1.84,3.8,3.83,1.79,4.4,4.2,1.82,1.6,2.3,1.65,2.27,1.65,2.32,1.59,2.26,1.65,2.44,0.5,2.03,1.78,2.05,1.82,2.05,1.82,1.99,1.78,2.14,1.84
EC,26/08/2024,15:00,Oldham,Gateshead,1,1,D,0,1,A,G Rhodes,1,3,0,0,2.8,3.4,2.25,2.8,3.3,2.15,2.88,3.3,2.2,2.89,3.62,2.34,2.88,3.4,2.2,2.87,3.42,2.28,3,3.62,2.34,2.86,3.44,2.25,2.88,3.6,2.38,1.83,1.98,1.83,2.02,1.85,2.02,1.79,1.96,1.8,2.02,0.25,1.8,2,1.82,2.05,1.83,2.05,1.79,1.96,1.81,2.1,2.5,3.4,2.5,2.55,3.3,2.3,2.5,3.3,2.4,2.6,3.63,2.56,2.88,3.4,2.2,2.56,3.48,2.56,2.63,3.63,2.56,2.55,3.47,2.49,2.76,3.7,2.6,1.8,2,1.79,2.04,1.81,2.04,1.77,1.98,1.82,2.12,0,1.9,1.9,1.94,1.91,1.95,1.92,1.92,1.89,1.94,1.92
EC,26/08/2024,15:00,Southend,Dag and Red,2,2,D,1,1,D,D Middleton,1,3,0,0,1.75,3.6,4.1,1.68,3.5,4.2,1.73,3.5,4.2,1.82,3.51,4.55,1.73,3.4,4.33,1.79,3.45,4.34,1.85,3.6,4.62,1.77,3.47,4.31,1.83,3.5,5,2.1,1.7,2.17,1.7,2.17,1.71,2.1,1.68,2.14,1.7,-0.5,1.8,2,1.83,2.03,1.83,2.14,1.77,1.99,1.83,2.16,1.75,3.6,4.1,1.72,3.4,4.1,1.7,3.4,4.5,1.79,3.54,4.7,1.73,3.4,4.33,1.79,3.68,4.19,1.81,3.68,4.7,1.77,3.52,4.31,1.8,3.8,5,2.1,1.7,2.14,1.72,2.14,1.75,2.06,1.72,2.12,1.82,-0.5,1.8,2,1.79,2.06,1.81,2.06,1.77,2,1.83,2.16
EC,26/08/2024,15:00,Tamworth,Aldershot,3,2,H,1,1,D,R Eley,5,3,0,0,2.6,3.5,2.35,2.5,3.4,2.35,2.63,3.3,2.3,2.79,3.48,2.47,2.62,3.4,2.38,2.7,3.38,2.39,2.79,3.5,2.55,2.67,3.36,2.4,2.96,3.6,2.42,1.73,2.08,1.77,2.08,1.85,2.14,1.75,2.01,1.76,2.08,0,2,1.8,2.05,1.81,2.05,1.84,2,1.8,2.19,1.78,2.7,3.5,2.25,2.85,3.3,2.15,2.75,3.3,2.2,2.88,3.6,2.35,2.62,3.4,2.38,2.88,3.59,2.26,2.93,3.6,2.38,2.84,3.45,2.27,3,3.75,2.44,1.7,2.1,1.75,2.1,1.81,2.14,1.74,2.03,1.78,2.2,0.25,1.8,2,1.81,2.05,1.83,2.05,1.81,1.97,1.86,2.11
EC,26/08/2024,15:00,Wealdstone,Fylde,1,0,H,1,0,H,R Martin,1,2,0,0,1.95,3.5,3.4,1.93,3.5,3.1,1.9,3.6,3.3,1.95,3.91,3.52,1.95,3.5,3.3,1.94,3.65,3.46,2,3.91,3.52,1.95,3.66,3.34,1.94,3.95,3.75,1.67,2.15,1.67,2.23,1.67,2.23,1.63,2.18,1.67,2.16,-0.5,2,1.8,1.96,1.89,2.02,1.89,1.95,1.82,1.94,1.94,1.91,3.6,3.5,1.9,3.4,3.25,1.95,3.6,3.1,2,3.92,3.37,1.95,3.5,3.3,1.94,3.66,3.56,2,3.92,3.56,1.95,3.7,3.34,2.12,4,3.4,1.67,2.15,1.67,2.22,1.67,2.23,1.64,2.18,1.69,2.34,-0.5,1.95,1.85,2.01,1.85,2.01,1.89,1.94,1.83,2.12,1.86
EC,26/08/2024,15:00,Woking,Hartlepool,3,2,H,0,2,A,R Ricardo,4,3,0,1,2.4,3.25,2.75,2.3,3.25,2.6,2.38,3.1,2.75,2.5,3.32,2.88,2.38,3.25,2.7,2.41,3.28,2.74,2.5,3.45,2.88,2.41,3.24,2.76,2.56,3.2,2.98,2,1.8,2.05,1.79,2.05,1.86,1.99,1.76,2.06,1.81,0,1.78,2.03,1.79,2.08,1.83,2.08,1.77,2.03,1.81,2.07,2.55,3.2,2.6,2.45,3.2,2.5,2.5,3.1,2.5,2.65,3.27,2.74,2.38,3.25,2.7,2.6,3.26,2.65,2.65,3.45,2.75,2.54,3.24,2.63,2.78,3.4,2.78,2.03,1.78,2.05,1.79,2.11,1.81,2,1.76,2.12,1.86,0,1.9,1.9,1.89,1.96,1.9,1.96,1.88,1.93,1.97,1.97
EC,26/08/2024,15:00,Yeovil,Rochdale,0,1,A,0,0,D,A Dale,1,4,0,0,2.2,3.2,3.1,2.25,3.1,2.75,2.3,3.1,2.88,2.35,3.3,3.12,2.25,3.2,2.9,2.3,3.24,2.99,2.4,3.3,3.12,2.29,3.2,2.96,2.4,3.3,3.1,2.08,1.73,2.1,1.75,2.1,1.92,2.04,1.73,2.1,1.77,-0.25,1.98,1.83,2.02,1.84,2.05,1.89,1.97,1.79,2.07,1.84,2.4,3.1,2.8,2.35,3.1,2.7,2.3,3,2.75,2.47,3.24,2.98,2.25,3.2,2.9,2.56,3.17,2.76,2.56,3.25,2.98,2.42,3.14,2.82,2.54,3.4,3.05,2.1,1.7,2.15,1.71,2.21,1.75,2.1,1.69,2.14,1.8,-0.25,2.08,1.73,2.12,1.76,2.14,1.77,2.08,1.72,2.18,1.8
EC,26/08/2024,15:00,York,Boston Utd,0,2,A,0,0,D,S Morland,1,2,0,0,1.53,3.9,5.25,1.55,3.75,5,1.44,4,6,1.54,4.11,6.08,1.53,3.8,5.5,1.55,4,5.44,1.58,4.11,6.08,1.53,3.91,5.57,1.57,4.3,6.8,1.83,1.98,1.85,1.98,1.85,1.99,1.81,1.94,1.87,1.98,-1,1.95,1.85,1.94,1.91,2.01,1.92,1.92,1.84,1.82,1.93,1.38,4.5,7,1.4,4.2,6.25,1.3,4.5,8,1.38,4.75,8.14,1.44,4.2,6,1.41,4.58,7.13,1.43,4.75,8.14,1.39,4.42,7.28,1.42,5.1,9.4,1.73,2.08,1.74,2.13,1.81,2.13,1.76,2,1.84,2.12,-1.25,1.88,1.93,1.88,1.97,1.97,1.97,1.9,1.88,1.92,1.96
EC,31/08/2024,15:00,Aldershot,Maidenhead,4,3,H,1,1,D,A Humphries,1,0,0,0,1.85,3.7,3.5,1.87,3.5,3.3,1.85,3.6,3.6,1.96,3.71,3.61,1.91,3.5,3.4,1.93,3.6,3.54,1.99,3.72,3.61,1.92,3.6,3.49,1.28,3.45,1.56,1.7,2.1,1.73,2.07,1.75,2.1,1.71,2.06,1.42,1.7,-0.5,1.93,1.88,1.97,1.87,1.99,1.94,1.91,1.85,1.28,1.86,2.15,3.6,2.88,2.1,3.4,2.8,2.15,3.5,2.75,2.29,3.65,2.95,1.91,3.5,3.4,2.19,3.67,2.93,2.29,3.68,2.95,2.18,3.56,2.87,2.34,3.95,2.92,1.7,2.1,1.75,2.1,1.75,2.2,1.68,2.11,1.7,2.24,-0.25,1.98,1.83,2.01,1.85,2.01,1.87,1.93,1.83,2.07,1.88
EC,31/08/2024,15:00,Altrincham,Oldham,1,1,D,0,1,A,O Yates,4,5,0,0,3,3.5,2.15,2.85,3.3,2.15,2.88,3.3,2.2,3.06,3.6,2.22,2.88,3.4,2.2,3.04,3.42,2.19,3.06,3.62,2.22,2.98,3.45,2.17,3.05,3.6,1.83,1.85,1.95,1.89,1.93,1.89,1.97,1.82,1.91,1.48,1.68,0.25,1.88,1.93,1.89,1.93,1.89,1.93,1.86,1.88,2.01,1.75,3,3.4,2.15,3,3.3,2.05,3.1,3.3,2.05,3.13,3.47,2.26,2.88,3.4,2.2,3.06,3.48,2.2,3.13,3.58,2.26,3.04,3.41,2.16,3.4,3.65,2.24,1.98,1.83,2.05,1.8,2.05,1.91,1.9,1.84,2.02,1.87,0.25,1.88,1.93,1.89,1.96,1.9,1.96,1.87,1.9,2.02,1.94
EC,31/08/2024,15:00,Barnet,Tamworth,7,0,H,3,0,H,R Martin,0,1,0,0,1.48,4.5,5.25,1.47,4.1,5.25,1.44,4.33,5.5,1.47,4.46,6.41,1.44,4.2,6,1.46,4.3,6.22,1.5,4.5,6.41,1.47,4.29,5.9,1.44,1.1,3.2,1.7,2.1,1.7,2.12,1.7,2.15,1.68,2.1,1.48,1.82,-1,1.8,2,1.79,2.07,1.85,2.07,1.78,1.98,1.56,1.71,1.33,5.25,6.5,1.34,4.6,6.75,1.3,4.75,7,1.4,4.87,7.38,1.44,4.2,6,1.37,5.37,6.65,1.4,5.37,8.5,1.34,4.95,7.24,1.35,5.8,10,1.57,2.35,1.63,2.3,1.63,2.4,1.57,2.3,1.6,2.46,-1.25,1.73,2.08,1.91,1.94,1.91,2.11,1.76,2.02,1.69,2.27
EC,31/08/2024,15:00,Boston Utd,Yeovil,1,3,A,1,2,A,N Hair,1,1,1,1,3.1,3.2,2.15,3.1,3.25,2.05,3.1,3.1,2.15,3.17,3.39,2.25,3.1,3.3,2.1,3.15,3.26,2.2,3.2,3.39,2.25,3.13,3.26,2.18,2.5,3.05,2.14,2.05,1.75,2.11,1.72,2.16,1.81,2.05,1.71,2.16,1.45,0.25,1.9,1.9,1.89,1.94,1.92,1.94,1.87,1.87,1.86,1.84,3,3.2,2.25,3,3.1,2.1,3.1,3.1,2.1,2.92,3.47,2.39,3.1,3.3,2.1,3.16,3.26,2.24,3.16,3.47,2.39,3.01,3.27,2.23,3.2,3.5,2.4,2.08,1.73,2.11,1.74,2.11,1.77,2.05,1.72,2.14,1.81,0.25,1.8,2,1.79,2.07,1.89,2.07,1.81,1.96,1.89,2.05
EC,31/08/2024,15:00,Dag and Red,York,0,2,A,0,0,D,C Walchester,2,2,0,0,2.6,3.2,2.6,2.4,3.2,2.5,2.55,3.1,2.55,2.67,3.47,2.55,2.5,3.25,2.5,2.62,3.26,2.52,2.67,3.47,2.6,2.59,3.28,2.52,2.44,3.35,2.16,2.05,1.75,2.02,1.76,2.05,1.77,2,1.74,1.76,1.58,0,1.93,1.88,1.96,1.88,1.96,1.9,1.92,1.87,2.02,1.58,2.55,3.2,2.63,2.4,3.2,2.5,2.5,3.1,2.5,2.57,3.45,2.69,2.5,3.25,2.5,2.59,3.25,2.66,2.6,3.45,2.69,2.53,3.28,2.59,2.78,3.45,2.74,2.05,1.75,2.06,1.78,2.11,1.83,2.01,1.74,2.06,1.84,0,1.85,1.95,1.88,1.97,1.88,1.97,1.86,1.95,2,1.96
EC,31/08/2024,15:00,Ebbsfleet,Halifax,0,1,A,0,1,A,S Morland,3,1,0,1,2.4,3.2,2.75,2.3,3.1,2.7,2.4,3.1,2.7,2.51,3.25,2.88,2.3,3.3,2.75,2.42,3.24,2.76,2.51,3.3,2.88,2.42,3.19,2.79,1.04,1.01,1.04,2.05,1.75,2.08,1.72,2.08,1.78,2.03,1.72,1.78,1.55,-0.25,2.05,1.75,2.13,1.7,2.13,1.75,2.06,1.71,2.05,1.49,2.63,3.1,2.55,2.45,3.1,2.5,2.75,3,2.4,2.77,3.35,2.56,2.3,3.3,2.75,2.69,3.18,2.61,2.83,3.35,2.7,2.65,3.16,2.54,3,3.35,2.62,2.08,1.73,2.06,1.78,2.11,1.78,2.03,1.73,2.12,1.79,0,1.98,1.83,2.01,1.85,2.01,1.85,1.97,1.84,2.14,1.84
EC,31/08/2024,15:00,Gateshead,Eastleigh,2,1,H,1,0,H,J Bancroft,1,2,1,0,1.6,3.9,4.75,1.58,3.9,4.33,1.55,4,4.75,1.63,4.22,4.76,1.57,4,4.6,1.62,4.1,4.62,1.65,4.3,4.76,1.6,4.04,4.62,1.22,4.2,1.04,1.57,2.35,1.57,2.37,1.57,2.4,1.54,2.37,1.38,1.88,-0.75,1.78,2.03,1.8,2.05,1.8,2.05,1.76,2,1.33,1.99,1.57,3.9,5,1.58,3.9,4.33,1.55,3.9,4.75,1.63,4.27,4.84,1.57,4,4.6,1.61,3.98,5.11,1.63,4.3,5.11,1.59,4.04,4.74,1.67,4.4,5.1,1.57,2.35,1.6,2.38,1.6,2.45,1.55,2.34,1.59,2.52,-1,2.03,1.78,2.06,1.79,2.06,1.83,1.99,1.78,2.05,1.82
EC,31/08/2024,15:00,Hartlepool,Braintree Town,0,0,D,0,0,D,M Mcquillan,1,4,1,0,1.73,3.7,4.1,1.66,3.5,4.2,1.67,3.6,4.33,1.82,3.75,4.14,1.7,3.5,4.4,1.77,3.6,4.25,1.83,3.75,4.5,1.75,3.63,4.2,1.26,1.38,1.13,1.95,1.85,1.97,1.85,1.97,1.86,1.92,1.82,1.62,1.5,-0.75,1.98,1.83,2.07,1.77,2.07,1.88,1.98,1.78,1.26,1.04,1.85,3.6,3.6,1.8,3.4,3.7,1.87,3.3,3.7,1.92,3.64,3.92,1.7,3.5,4.4,1.9,3.69,3.69,1.92,3.69,4,1.86,3.53,3.76,1.97,3.65,4,2,1.8,2.01,1.83,2.01,1.85,1.94,1.8,2.04,1.86,-0.5,1.88,1.93,1.93,1.93,1.93,1.93,1.87,1.87,1.97,1.95
EC,31/08/2024,15:00,Rochdale,Woking,3,0,H,1,0,H,W Davis,1,1,0,0,2,3.4,3.4,1.98,3.2,3.25,1.95,3.3,3.3,2.05,3.56,3.49,1.95,3.4,3.4,2.02,3.42,3.44,2.06,3.56,3.5,2.01,3.42,3.39,2.04,3.15,3.5,1.93,1.88,1.95,1.87,1.95,1.88,1.9,1.83,1.6,1.64,-0.5,2.03,1.78,2.05,1.8,2.05,1.8,1.99,1.77,2.05,1.73,2,3.3,3.4,2.05,3.2,3.1,2.1,3.2,3.1,2.06,3.57,3.49,1.95,3.4,3.4,2.15,3.33,3.28,2.18,3.57,3.49,2.1,3.34,3.21,2.3,3.55,3.35,1.98,1.83,2.02,1.83,2.02,1.85,1.95,1.8,2.02,1.89,-0.25,1.78,2.03,1.8,2.07,1.9,2.07,1.82,1.94,1.99,1.95
EC,31/08/2024,15:00,Solihull,Wealdstone,1,1,D,1,0,H,R Eley,3,1,0,0,1.9,3.7,3.4,1.87,3.5,3.25,1.85,3.6,3.6,1.99,3.94,3.32,1.85,3.6,3.5,1.95,3.62,3.46,2,3.96,3.6,1.94,3.73,3.34,1.9,1.03,2.9,1.67,2.15,1.7,2.14,1.7,2.18,1.66,2.12,1.51,1.85,-0.5,1.93,1.88,2,1.84,2,1.88,1.92,1.83,1.9,1.34,2.05,3.6,3,2,3.5,2.95,2.05,3.4,2.9,2.05,3.98,3.21,1.85,3.6,3.5,2.1,3.7,3.08,2.15,3.98,3.21,2.07,3.68,3.02,2.14,4.1,3.3,1.67,2.15,1.69,2.19,1.69,2.25,1.64,2.16,1.72,2.28,-0.5,2.05,1.75,2.05,1.8,2.05,1.8,2.02,1.75,2.14,1.84
EC,31/08/2024,17:30,Sutton,Forest Green,1,2,A,0,1,A,A Bannister,2,2,0,0,2.05,3.5,3.1,2.05,3.4,2.95,2.05,3.3,3,2.07,3.64,3.23,2.1,3.5,3,2.09,3.52,3.17,2.11,3.66,3.26,2.06,3.52,3.13,2.1,3.15,3.15,1.75,2.05,1.75,2.06,1.78,2.06,1.74,2.02,1.44,1.69,-0.25,1.83,1.98,1.83,2,1.87,2,1.81,1.93,1.85,2.04,2.35,3.4,2.63,2.25,3.3,2.65,2.3,3.3,2.63,2.41,3.66,2.77,2.1,3.5,3,2.42,3.5,2.7,2.42,3.66,2.78,2.34,3.46,2.69,2.48,3.8,2.94,1.83,1.98,1.86,1.98,1.89,2.04,1.8,1.95,1.9,2,0,1.8,2,1.79,2.07,1.81,2.07,1.8,2.01,1.83,2.15
EC,07/09/2024,15:00,Altrincham,Ebbsfleet,4,0,H,2,0,H,J Westgate,1,1,0,0,1.85,3.7,3.5,1.8,3.4,3.6,1.8,3.6,3.8,1.83,3.65,4,1.8,3.6,3.75,1.81,3.65,3.97,1.87,3.75,4,1.82,3.62,3.81,1.81,3.75,4.2,1.83,1.98,1.81,2.01,1.86,2.01,1.79,1.94,1.76,2,-0.5,1.85,1.95,1.85,1.97,1.85,1.97,1.82,1.93,1.81,2.08,1.95,3.6,3.3,1.87,3.4,3.4,1.8,3.5,3.7,1.9,3.74,3.87,1.8,3.6,3.9,1.94,3.67,3.57,1.99,3.74,3.88,1.89,3.58,3.65,1.99,3.95,3.9,1.83,1.98,1.84,2,1.97,2,1.83,1.92,1.92,2,-0.5,1.95,1.85,1.91,1.94,2.02,1.94,1.91,1.86,1.99,1.96
EC,07/09/2024,15:00,Braintree Town,Woking,0,0,D,0,0,D,A Humphries,1,2,0,0,2.38,3.3,2.7,2.4,3,2.6,2.38,3.1,2.75,2.55,3.09,2.86,2.4,3.2,2.7,2.46,3.18,2.75,2.55,3.3,2.9,2.46,3.11,2.76,2.64,3.15,2.94,2.15,1.67,2.18,1.67,2.2,1.68,2.13,1.66,2.44,1.65,0,1.8,2,1.81,2.03,1.81,2.03,1.78,2,1.89,2.04,2.8,3.25,2.35,2.7,3,2.35,2.63,3,2.4,2.97,3.2,2.5,2.5,3.1,2.62,2.86,3.31,2.4,2.97,3.31,2.65,2.82,3.11,2.45,3.05,3.15,2.6,2.15,1.67,2.16,1.71,2.22,1.71,2.17,1.64,2.28,1.73,0,2.1,1.7,2.11,1.77,2.14,1.78,2.06,1.76,2.12,1.77
EC,07/09/2024,15:00,Eastleigh,Tamworth,1,0,H,1,0,H,R Atkin,4,5,0,0,1.75,3.7,4,1.73,3.5,3.8,1.7,3.6,4.2,1.71,3.86,4.37,1.7,3.7,4.2,1.74,3.78,4.2,1.78,3.9,4.4,1.73,3.73,4.2,1.76,3.95,4.5,1.75,2.05,1.74,2.08,1.75,2.1,1.72,2.04,1.77,2.04,-0.75,2,1.8,1.94,1.88,2,1.88,1.93,1.82,1.97,1.91,1.65,3.75,4.5,1.68,3.6,4.1,1.6,3.75,4.5,1.66,4.03,4.94,1.67,3.7,4.33,1.69,3.84,4.61,1.7,4.03,4.94,1.65,3.85,4.61,1.69,4.2,5.4,1.75,2.05,1.78,2.06,1.81,2.06,1.75,2.01,1.8,2.16,-0.75,1.85,1.95,1.85,2.01,1.9,2.01,1.85,1.94,1.87,2.06
EC,07/09/2024,15:00,Fylde,Yeovil,3,4,A,2,0,H,J Bancroft,1,1,0,0,2.45,3.4,2.55,2.37,3.25,2.5,2.5,3.3,2.5,2.54,3.43,2.63,2.4,3.3,2.6,2.52,3.32,2.58,2.55,3.47,2.65,2.49,3.35,2.58,2.76,3.45,2.68,1.95,1.85,1.93,1.87,1.96,1.87,1.9,1.83,1.91,1.89,0,1.88,1.93,1.88,1.94,1.88,1.94,1.85,1.91,2.01,1.91,2.4,3.5,2.55,2.37,3.3,2.45,2.45,3.3,2.45,2.46,3.69,2.69,2.4,3.3,2.6,2.46,3.58,2.61,2.5,3.69,2.69,2.43,3.51,2.58,2.64,3.65,2.76,1.75,2.05,1.79,2.05,1.81,2.05,1.76,1.99,1.81,2.12,0,1.85,1.95,1.84,2.02,1.89,2.02,1.84,1.97,1.94,2.01
EC,07/09/2024,15:00,Gateshead,Barnet,2,0,H,1,0,H,M Coy,3,1,0,0,2.35,3.4,2.63,2.2,3.6,2.55,2.3,3.5,2.63,2.37,3.64,2.71,2.25,3.7,2.62,2.31,3.7,2.62,2.37,3.7,2.8,2.31,3.57,2.65,2.4,3.7,2.68,1.53,2.4,1.53,2.46,1.54,2.55,1.51,2.44,1.54,2.48,0,1.78,2.03,1.79,2.05,1.79,2.05,1.77,2.01,1.82,2.01,2.5,3.5,2.4,2.4,3.6,2.3,2.4,3.5,2.4,2.56,3.97,2.45,2.25,3.7,2.62,2.58,3.61,2.48,2.58,3.97,2.48,2.5,3.72,2.4,2.58,4.2,2.6,1.44,2.7,1.42,2.88,1.45,2.9,1.42,2.73,1.43,3.15,0,1.98,1.83,1.97,1.88,1.99,1.88,1.95,1.85,1.96,1.98
EC,07/09/2024,15:00,Hartlepool,Halifax,0,0,D,0,0,D,J Mulligan,4,2,0,0,2.1,3.6,3,2.05,3.2,3.1,2,3.4,3.1,2.16,3.24,3.4,2.05,3.25,3.25,2.12,3.3,3.32,2.16,3.6,3.41,2.1,3.27,3.25,2.14,3.2,3.45,2.1,1.7,2.1,1.72,2.1,1.73,2.07,1.7,2.06,1.8,-0.25,1.85,1.95,1.86,1.96,1.86,1.96,1.83,1.92,1.87,1.96,2.15,3.6,2.88,2.05,3.25,3,2.1,3.4,2.9,2.28,3.38,3.18,2.05,3.25,3.25,2.19,3.66,2.95,2.28,3.66,3.35,2.17,3.35,3.09,2.38,3.55,3.15,2.03,1.78,2.05,1.8,2.11,1.8,2.01,1.75,2.02,1.92,-0.25,1.95,1.85,1.97,1.88,2,1.91,1.93,1.86,2.02,1.92
EC,07/09/2024,15:00,Maidenhead,Dag and Red,1,1,D,1,0,H,J Richardson,4,1,0,0,2.2,3.5,2.75,2.25,3.25,2.7,2.2,3.3,2.8,2.34,3.41,2.9,2.25,3.3,2.8,2.31,3.34,2.89,2.37,3.5,3,2.27,3.34,2.84,2.32,3.35,2.94,1.95,1.85,1.92,1.88,1.97,1.88,1.89,1.84,1.9,1.89,-0.25,2,1.8,2.04,1.79,2.04,1.8,1.98,1.77,2.01,1.8,2.15,3.7,2.75,2.05,3.4,2.9,2.1,3.4,2.88,2.3,3.71,2.89,2.25,3.4,2.8,2.21,3.8,2.83,2.3,3.8,3.1,2.18,3.59,2.87,2.3,3.85,3,1.7,2.1,1.74,2.11,1.74,2.15,1.71,2.07,1.76,2.2,-0.25,1.95,1.85,2.02,1.84,2.02,1.89,1.95,1.84,2.02,1.92
EC,07/09/2024,15:00,Oldham,Southend,1,1,D,0,1,A,J Linington,0,2,0,0,2.15,3.5,2.88,2.15,3.2,2.85,2.2,3.25,2.88,2.27,3.31,3.1,2.2,3.2,3,2.27,3.24,3.04,2.28,3.5,3.11,2.23,3.27,3.01,2.4,3.3,3.1,2.1,1.7,2.11,1.7,2.12,1.73,2.08,1.69,2.08,1.72,-0.25,1.98,1.83,1.97,1.85,1.98,1.85,1.93,1.81,2.08,1.82,2.05,3.6,3,2.05,3.3,3,2,3.3,3.1,2.23,3.26,3.39,2.2,3.25,3,2.1,3.7,3.08,2.23,3.7,3.45,2.1,3.38,3.2,2.28,3.45,3.45,2,1.8,2.1,1.75,2.1,1.85,1.99,1.77,2.08,1.86,-0.25,1.88,1.93,1.92,1.93,1.92,1.96,1.86,1.93,1.96,2
EC,07/09/2024,15:00,Solihull,Forest Green,0,1,A,0,0,D,P Marsden,3,3,0,0,2.63,3.4,2.35,2.55,3.3,2.3,2.63,3.3,2.3,2.85,3.44,2.36,2.6,3.4,2.38,2.69,3.42,2.38,2.85,3.5,2.45,2.71,3.4,2.35,2.78,3.5,2.32,1.75,2.05,1.79,2.01,1.84,2.05,1.76,1.98,1.75,2.06,0,2.03,1.78,2.1,1.74,2.1,1.81,2.03,1.77,2.1,1.73,3.5,3.6,1.85,3.3,3.4,1.9,3.3,3.4,1.91,3.81,3.68,1.93,2.38,3.4,2.6,3.4,3.6,2.01,3.81,3.68,2.1,3.47,3.54,1.95,3.9,3.8,2.04,1.73,2.08,1.76,2.09,1.81,2.1,1.73,2.05,1.81,2.16,0.5,1.9,1.9,1.92,1.93,1.92,1.95,1.84,1.92,1.94,2.03
EC,07/09/2024,15:00,Sutton,Boston Utd,0,3,A,0,1,A,R Martin,3,2,0,0,1.5,4,5.5,1.49,4,5.25,1.44,4,6,1.5,4.32,5.69,1.44,4.2,5.8,1.5,4.25,5.66,1.53,4.4,6,1.5,4.19,5.52,1.57,4.3,5.6,1.67,2.15,1.64,2.22,1.67,2.22,1.64,2.17,1.67,2.18,-1,1.85,1.95,1.85,1.96,1.85,1.96,1.83,1.92,1.88,1.92,1.42,4.2,6.25,1.41,4.4,5.5,1.44,4.1,5.5,1.47,4.5,6.7,1.5,4,5.5,1.46,4.33,6.44,1.5,4.5,6.7,1.45,4.33,6.14,1.48,4.9,7.4,1.7,2.1,1.71,2.16,1.74,2.25,1.66,2.13,1.74,2.26,-1,1.73,2.08,1.75,2.11,1.9,2.19,1.73,2.08,1.75,2.13
EC,07/09/2024,15:00,Wealdstone,York,0,2,A,0,1,A,A Dale,0,0,0,0,3,3.75,2,3.1,3.3,2,3,3.6,2,3.33,3.53,2.07,3.2,3.5,2,3.29,3.55,2.06,3.35,3.75,2.09,3.22,3.51,2.04,3.45,3.5,1.99,1.9,1.9,1.88,1.93,1.93,1.93,1.85,1.89,1.85,1.9,0.25,2,1.8,2.02,1.81,2.02,1.81,1.97,1.78,2.05,1.76,3,3.7,2.05,3.1,3.3,2,3,3.4,2.05,3.28,3.56,2.15,3.2,3.5,2,3.09,3.86,2.06,3.28,3.86,2.15,3.15,3.5,2.08,3.3,3.55,2.26,1.95,1.85,1.93,1.9,1.97,1.9,1.89,1.86,1.95,1.93,0.25,1.95,1.85,1.98,1.88,2.02,1.88,1.96,1.83,1.96,1.95
EC,07/09/2024,17:30,Aldershot,Rochdale,0,2,A,0,2,A,J Durkin,3,1,0,0,2.38,3.5,2.6,2.3,3.4,2.5,2.3,3.4,2.63,2.4,3.77,2.6,2.38,3.5,2.6,2.35,3.54,2.65,2.41,3.84,2.85,2.34,3.62,2.6,2.42,3.6,2.54,1.67,2.15,1.66,2.2,1.72,2.21,1.65,2.14,1.66,2.16,-0.25,2.1,1.7,2.12,1.72,2.12,1.8,2.05,1.71,2.17,1.71,2.3,3.6,2.63,2.2,3.5,2.55,2.15,3.7,2.63,2.36,4.04,2.63,2.3,3.5,2.62,2.35,3.68,2.69,2.37,4.04,2.7,2.28,3.74,2.63,2.44,4,2.8,1.5,2.5,1.55,2.49,1.57,2.5,1.53,2.39,1.58,2.64,0,1.8,2,1.83,2.04,1.83,2.04,1.8,2.02,1.84,2.07
EC,10/09/2024,19:45,Barnet,Altrincham,2,1,H,1,1,D,L Impey,3,3,0,0,1.45,5,5.75,1.43,4.5,5.25,1.4,4.6,5.5,1.43,4.97,6.27,1.4,4.6,5.8,1.43,4.8,5.85,1.48,5,6.27,1.43,4.69,5.8,1.47,5.3,6.2,1.4,2.88,1.41,2.9,1.44,2.91,1.39,2.81,1.41,3,-1.25,1.93,1.88,1.95,1.9,1.95,1.9,1.91,1.85,1.89,1.88,1.55,4.5,5,1.49,4.33,4.75,1.47,4.2,5,1.55,4.47,5.32,1.5,4.33,5,1.55,4.49,4.99,1.57,4.9,6,1.51,4.4,5.09,1.62,4.6,5.4,1.44,2.7,1.46,2.72,1.46,2.88,1.42,2.73,1.5,2.84,-1,1.85,1.95,1.9,1.93,1.9,2.05,1.84,1.93,1.93,1.92
EC,10/09/2024,19:45,Boston Utd,Hartlepool,1,2,A,1,0,H,R Watkins,1,3,0,0,4.5,3.5,1.8,3.9,3.5,1.72,4.2,3.5,1.7,4.45,3.68,1.79,4,3.6,1.75,4.2,3.64,1.77,4.5,3.7,1.82,4.19,3.56,1.77,4.4,3.85,1.82,1.85,1.95,1.91,1.93,1.91,1.99,1.83,1.91,1.9,1.98,0.75,1.85,1.95,1.82,2.05,1.82,2.06,1.78,1.99,1.83,2.08,3.4,3.3,2.15,3.1,3.25,2,3.5,3.3,1.91,3.3,3.51,2.14,3.2,3.4,2.05,3.38,3.28,2.14,3.7,3.52,2.15,3.31,3.36,2.06,3.5,3.6,2.24,1.9,1.9,1.93,1.88,1.97,1.95,1.86,1.89,1.98,1.92,0.25,1.95,1.85,1.97,1.87,2.13,1.87,1.98,1.8,2.03,1.93
EC,10/09/2024,19:45,Dag and Red,Sutton,3,0,H,1,0,H,P Howard,2,1,0,0,2.75,3.3,2.5,2.65,3.2,2.3,2.7,3.25,2.3,2.8,3.18,2.65,2.7,3.3,2.38,2.69,3.38,2.4,2.8,3.4,2.65,2.72,3.22,2.46,2.8,3.3,2.58,1.9,1.9,1.91,1.93,1.91,1.93,1.86,1.88,2.02,1.96,0,1.98,1.83,1.98,1.87,2.04,1.87,1.99,1.81,2,1.85,2.63,3.3,2.63,2.55,3.2,2.37,2.7,3.2,2.3,2.66,3.21,2.73,2.6,3.3,2.4,2.62,3.29,2.62,2.8,3.3,2.74,2.65,3.2,2.54,2.7,3.35,2.76,1.9,1.9,1.91,1.91,1.97,1.92,1.87,1.87,2.04,1.91,0,1.93,1.88,1.89,1.94,1.98,1.95,1.94,1.89,1.93,1.96
EC,10/09/2024,19:45,Ebbsfleet,Aldershot,0,0,D,0,0,D,F Hallam,1,0,0,0,2.7,3.5,2.45,2.6,3.4,2.25,2.63,3.4,2.3,2.79,3.74,2.36,2.6,3.6,2.3,2.66,3.6,2.32,2.8,3.74,2.45,2.67,3.55,2.33,2.88,3.8,2.38,1.62,2.25,1.63,2.32,1.63,2.33,1.59,2.27,1.66,2.32,0,2,1.8,2.09,1.77,2.09,1.83,2.02,1.77,2.14,1.78,3.1,3.6,2.15,2.9,3.4,2.05,3,3.5,2,3,3.84,2.17,3,3.6,2.05,3.19,3.59,2.1,3.19,3.86,2.17,3.02,3.62,2.09,3.25,4,2.18,1.6,2.3,1.59,2.36,1.6,2.4,1.57,2.29,1.61,2.46,0.25,1.93,1.88,1.92,1.92,2.01,1.92,1.92,1.85,2.03,1.91
EC,10/09/2024,19:45,Forest Green,Fylde,3,0,H,1,0,H,R Eley,3,2,0,0,1.5,4.1,6.25,1.49,4,5,1.44,4.2,6,1.52,4.55,5.67,1.44,4.2,5.8,1.5,4.25,5.66,1.57,4.6,6.25,1.49,4.29,5.53,1.53,4.7,6.4,1.67,2.15,1.69,2.19,1.69,2.25,1.64,2.16,1.69,2.3,-1,1.83,1.98,1.87,1.98,1.88,2.02,1.83,1.93,1.85,2.05,1.48,4.1,6.5,1.46,4.1,5.25,1.4,4.33,6,1.47,4.66,6.12,1.44,4.33,6,1.45,4.45,6.11,1.49,4.66,6.52,1.46,4.34,5.87,1.52,4.9,6.6,1.65,2.2,1.67,2.22,1.67,2.25,1.63,2.19,1.68,2.36,-1,1.78,2.03,1.76,2.09,1.81,2.1,1.76,2.02,1.81,2.14
EC,10/09/2024,19:45,Halifax,Oldham,1,1,D,0,0,D,A Bannister,2,2,0,1,3.2,3.1,2.35,2.8,3.1,2.2,2.9,3,2.3,2.93,3.21,2.53,2.8,3.2,2.3,2.88,3.2,2.4,3.2,3.21,2.53,2.9,3.14,2.37,3,3.15,2.54,2.15,1.67,2.19,1.69,2.19,1.73,2.11,1.67,2.18,1.74,0.25,1.78,2.03,1.72,2.16,1.81,2.16,1.74,2.04,1.76,2.16,2.9,3,2.5,2.75,3,2.35,2.63,2.88,2.5,2.93,3.03,2.62,2.7,3.1,2.45,2.93,3.03,2.52,2.95,3.15,2.63,2.83,3.02,2.49,2.94,3.15,2.82,2.25,1.62,2.28,1.63,2.31,1.66,2.22,1.61,2.38,1.66,0,2.03,1.78,2.03,1.81,2.04,1.81,2.02,1.78,2.01,1.94
EC,10/09/2024,19:45,Rochdale,Maidenhead,3,1,H,2,0,H,P Cooper,1,1,0,0,1.7,3.6,5,1.65,3.6,4.33,1.62,3.6,4.75,1.7,3.89,4.83,1.67,3.7,4.4,1.69,3.76,4.54,1.72,3.89,5,1.68,3.69,4.6,1.73,3.9,4.9,1.85,1.95,1.85,1.99,1.89,1.99,1.81,1.93,1.87,2,-0.75,1.9,1.9,1.92,1.93,1.93,1.93,1.87,1.88,1.94,1.95,1.67,3.7,5.25,1.63,3.6,4.4,1.57,3.75,4.75,1.64,3.98,5.09,1.62,3.75,4.6,1.66,3.67,5.21,1.7,3.99,5.25,1.65,3.72,4.78,1.7,4.2,5.4,1.85,1.95,1.84,1.98,1.97,1.99,1.83,1.92,1.9,2.04,-0.75,1.85,1.95,1.84,2,1.9,2,1.85,1.92,1.88,2.05
EC,10/09/2024,19:45,Southend,Eastleigh,2,0,H,2,0,H,J Miles,1,4,0,0,1.8,3.75,4.2,1.71,3.5,4,1.7,3.6,4.2,1.83,3.8,4.08,1.75,3.7,3.9,1.8,3.68,3.99,1.83,3.8,4.2,1.78,3.65,3.99,1.87,3.85,4.2,1.8,2,1.83,2.02,1.83,2.11,1.77,1.98,1.81,2.08,-0.5,1.78,2.03,1.84,2.02,1.84,2.03,1.79,1.97,1.87,2.06,1.85,3.6,4,1.83,3.3,3.6,1.8,3.5,3.6,1.9,3.68,3.87,1.91,3.5,3.5,1.85,3.6,4,1.91,3.75,4.2,1.86,3.55,3.78,2,3.9,3.9,1.83,1.98,1.84,1.98,1.89,2.11,1.78,1.97,1.86,2.06,-0.5,1.88,1.93,1.91,1.93,1.93,1.95,1.86,1.9,2,1.96
EC,10/09/2024,19:45,Woking,Wealdstone,1,0,H,1,0,H,W Cartmel,2,3,0,0,2.1,3.25,3.7,1.95,3.25,3.3,1.95,3.25,3.5,2.11,3.46,3.49,2.05,3.3,3.25,2.05,3.4,3.38,2.13,3.46,3.7,2.05,3.32,3.39,2.2,3.45,3.45,1.98,1.83,1.98,1.85,2.02,1.85,1.94,1.81,2,1.84,-0.25,1.78,2.03,1.83,2.04,1.83,2.04,1.77,2,1.92,2.01,1.95,3.3,4,1.95,3.2,3.3,1.91,3.3,3.4,1.97,3.51,3.81,1.95,3.3,3.5,1.94,3.29,3.99,2.05,3.52,4,1.97,3.33,3.6,2.02,3.7,4,2,1.8,2.01,1.82,2.02,1.85,1.96,1.79,2.08,1.82,-0.5,1.95,1.85,1.97,1.86,2.04,1.86,1.96,1.8,2.02,1.94
EC,10/09/2024,19:45,Yeovil,Solihull,0,1,A,0,1,A,R Ricardo,2,4,0,0,2.25,3.4,3.1,2.1,3.4,2.8,2.15,3.3,2.9,2.31,3.48,3.04,2.15,3.5,2.88,2.21,3.52,2.93,2.31,3.52,3.1,2.21,3.42,2.94,2.3,3.5,3.05,1.7,2.1,1.75,2.11,1.75,2.15,1.69,2.08,1.76,2.18,-0.25,1.95,1.85,2,1.85,2,1.9,1.92,1.84,2,1.88,2.25,3.3,3.2,2.15,3.25,2.8,2.15,3.2,2.9,2.2,3.34,3.33,2.15,3.3,3,2.23,3.27,3.17,2.26,3.45,3.35,2.21,3.29,3.05,2.32,3.55,3.3,1.85,1.95,1.91,1.91,1.93,2.03,1.84,1.9,1.95,1.96,-0.25,1.93,1.88,1.9,1.93,1.98,1.94,1.91,1.87,1.99,1.95
EC,10/09/2024,19:45,York,Braintree Town,2,1,H,2,1,H,M Crusham,0,3,0,0,1.67,3.75,4.75,1.63,3.6,4.4,1.62,3.6,4.75,1.72,3.76,4.84,1.65,3.6,4.75,1.68,3.7,4.69,1.72,3.79,4.84,1.67,3.66,4.66,1.71,3.85,5.2,1.95,1.85,1.97,1.86,1.97,1.88,1.9,1.84,1.97,1.94,-0.75,1.9,1.9,1.94,1.91,1.94,1.98,1.87,1.89,1.93,1.96,1.65,3.75,5,1.62,3.6,4.5,1.53,3.6,5,1.66,3.85,5.15,1.62,3.7,4.75,1.69,3.74,4.8,1.7,3.86,5.16,1.65,3.69,4.78,1.68,4,5.6,1.95,1.85,1.93,1.88,1.98,1.93,1.9,1.84,1.98,1.94,-0.75,1.83,1.98,1.85,1.99,1.9,2,1.84,1.93,1.87,2.02
EC,14/09/2024,15:00,Barnet,Braintree Town,3,1,H,2,1,H,J Westgate,1,3,0,0,1.36,4.75,8.5,1.33,4.6,6.75,1.3,4.6,8.5,1.36,4.88,7.44,1.33,4.6,7.5,1.34,4.9,7.75,1.37,5.1,8.5,1.34,4.8,7.56,1.36,5.2,8.2,1.65,2.2,1.65,2.22,1.65,2.25,1.63,2.19,1.64,2.26,-1.25,1.78,2.03,1.82,1.99,1.82,2.08,1.77,1.99,1.77,1.98,1.33,4.75,8,1.33,4.75,6.75,1.25,4.6,8,1.36,5.08,7.98,1.33,4.6,7.5,1.35,4.82,8.12,1.36,5.08,8.14,1.34,4.81,7.75,1.37,5.5,9.4,1.6,2.3,1.6,2.38,1.63,2.38,1.59,2.26,1.64,2.44,-1.5,2,1.8,2.04,1.83,2.04,1.83,1.99,1.78,2.03,1.87
EC,14/09/2024,15:00,Boston Utd,Aldershot,1,1,D,0,1,A,A Miller,5,2,0,0,3.75,3.5,1.95,3.25,3.5,1.88,3.2,3.4,2,3.21,3.69,2.05,3.3,3.6,1.91,3.3,3.58,2.02,3.75,3.72,2.06,3.28,3.57,2,3.3,3.75,2.02,1.7,2.1,1.71,2.09,1.72,2.2,1.69,2.08,1.67,2.18,0.5,1.83,1.98,1.75,2.05,1.89,2.06,1.79,1.98,1.78,2.02,3,3.4,2.2,2.85,3.4,2.1,3,3.3,2.05,2.93,3.74,2.26,3.3,3.6,1.91,3.04,3.44,2.23,3.15,3.74,2.26,2.92,3.54,2.18,3.05,3.8,2.34,1.73,2.08,1.74,2.12,1.81,2.12,1.71,2.06,1.73,2.24,0.25,1.85,1.95,1.87,1.99,1.87,2.05,1.84,1.94,1.9,2.03
EC,14/09/2024,15:00,Ebbsfleet,Hartlepool,1,0,H,1,0,H,O Mackey,1,2,0,0,3.2,3.4,2.15,3,3.2,2.1,3.1,3.3,2.05,3.07,3.59,2.15,3,3.3,2.15,3.16,3.36,2.15,3.2,3.61,2.17,3.1,3.43,2.12,3.3,3.5,2.18,1.93,1.88,1.93,1.86,1.95,1.89,1.9,1.83,1.9,1.9,0.25,1.98,1.83,1.91,1.89,2.02,1.9,1.92,1.84,2.04,1.89,3,3.4,2.2,3,3.2,2.1,3,2.9,2.2,3.05,3.46,2.31,3,3.3,2.15,3.04,3.44,2.23,3.11,3.55,2.32,3.03,3.29,2.22,3.25,3.35,2.36,1.95,1.85,1.96,1.88,2,1.88,1.95,1.8,2.06,1.86,0.25,1.83,1.98,1.85,2,1.86,2.02,1.83,1.96,1.89,2.03
EC,14/09/2024,15:00,Forest Green,Wealdstone,2,2,D,2,1,H,G Rollason,1,2,0,0,1.45,4.33,6.5,1.43,4.2,5.75,1.44,4,6,1.45,4.33,6.4,1.5,4,5.5,1.45,4.3,6.32,1.5,4.4,6.6,1.44,4.25,6.26,1.56,4.3,6.6,1.73,2.08,1.74,2.05,1.75,2.08,1.72,2.03,1.73,2.08,-1,1.78,2.03,1.77,2.05,1.77,2.08,1.74,2.02,1.85,2.12,1.44,4.33,5.75,1.43,4.2,5.75,1.33,4.33,6.5,1.44,4.62,6.78,1.5,4,5.5,1.48,4.44,5.9,1.48,4.75,7.02,1.42,4.45,6.47,1.47,5,7.6,1.7,2.1,1.69,2.19,1.74,2.19,1.68,2.11,1.73,2.26,-1.25,2,1.8,2.02,1.84,2.05,1.86,1.98,1.82,1.89,1.97
EC,14/09/2024,15:00,Halifax,Eastleigh,3,1,H,2,0,H,W Davis,1,2,0,0,2.2,3.4,3.25,2.05,3.25,3,2.15,3.2,3,2.23,3.49,3.02,2.1,3.3,3.1,2.21,3.36,3.04,2.25,3.53,3.25,2.18,3.38,3.02,2.24,3.4,3,1.9,1.9,1.94,1.85,1.95,1.93,1.89,1.84,1.9,1.89,-0.25,1.9,1.9,1.94,1.86,1.95,1.94,1.9,1.85,1.95,1.86,2.1,3.4,3.1,2.05,3.25,3,2.05,3.3,3.1,2.17,3.4,3.38,2.1,3.3,3.1,2.14,3.48,3.17,2.17,3.55,3.38,2.11,3.35,3.19,2.24,3.6,3.4,1.85,1.95,1.93,1.91,1.97,2,1.89,1.86,1.98,1.92,-0.25,1.85,1.95,1.88,1.97,1.9,1.97,1.86,1.93,1.94,1.99
EC,14/09/2024,15:00,Rochdale,Solihull,1,2,A,0,1,A,J Bancroft,1,2,0,0,1.95,3.5,3.75,1.88,3.3,3.4,1.9,3.4,3.6,1.93,3.52,3.71,1.91,3.5,3.5,1.92,3.55,3.63,1.95,3.6,3.75,1.92,3.48,3.61,1.89,3.35,3.55,1.83,1.98,1.84,1.94,1.84,1.99,1.81,1.93,1.04,1.12,-0.5,1.95,1.85,1.94,1.86,1.96,1.88,1.92,1.84,1.89,2,1.95,3.5,3.5,1.9,3.4,3.3,1.87,3.6,3.3,2.01,3.65,3.56,1.91,3.5,3.5,1.98,3.55,3.55,2.02,3.74,3.7,1.94,3.57,3.47,2.02,3.9,3.65,1.8,2,1.85,2,1.89,2.1,1.77,2,1.78,2.18,-0.5,1.98,1.83,2.02,1.84,2.02,1.87,1.95,1.82,2.02,1.9
EC,14/09/2024,15:00,Southend,Sutton,1,3,A,1,1,D,A Young,2,5,0,0,1.83,3.6,4.2,1.82,3.4,3.6,1.8,3.4,3.9,1.83,3.63,4.02,1.8,3.6,3.75,1.82,3.64,3.93,1.86,3.68,4.2,1.81,3.56,3.91,1.83,3.5,3.95,1.8,2,1.83,1.97,1.83,2,1.79,1.94,1.68,2,-0.5,1.83,1.98,1.84,1.96,1.87,1.98,1.81,1.94,1.83,2.01,1.85,3.5,3.75,1.87,3.4,3.5,1.85,3.4,3.5,1.91,3.76,3.82,1.8,3.6,3.75,1.89,3.58,3.83,1.95,3.76,3.83,1.89,3.58,3.64,2,3.8,3.95,1.83,1.98,1.85,1.99,1.89,2,1.81,1.94,1.89,2.02,-0.5,1.9,1.9,1.92,1.93,1.93,1.93,1.89,1.88,2,1.94
EC,14/09/2024,15:00,Tamworth,Maidenhead,3,1,H,1,0,H,E Bell,0,2,0,0,2.7,3.3,2.7,2.45,3.3,2.45,2.55,3.1,2.55,2.61,3.25,2.67,2.45,3.4,2.5,2.54,3.36,2.54,2.7,3.45,2.7,2.56,3.27,2.57,2.6,3.3,2.52,1.85,1.95,1.92,1.87,1.92,1.95,1.86,1.88,1.91,1.83,0,1.9,1.9,1.88,1.93,1.92,1.93,1.89,1.89,1.92,1.84,2.45,3.2,2.7,2.37,3.1,2.6,2.3,3.1,2.75,2.57,3.31,2.79,2.45,3.4,2.5,2.5,3.26,2.75,2.6,3.31,2.8,2.46,3.2,2.73,2.64,3.35,2.86,1.95,1.85,1.98,1.85,2,1.85,1.96,1.8,2.06,1.83,0,1.8,2,1.85,2.01,1.85,2.08,1.81,2.01,1.88,2.05
EC,14/09/2024,15:00,Woking,Oldham,1,3,A,0,1,A,R Massey-Ellis,1,1,0,0,3,3.25,2.3,2.8,3.1,2.25,3.1,3.2,2.15,2.9,3.42,2.33,2.9,3.2,2.25,2.9,3.26,2.34,3.1,3.45,2.36,2.89,3.29,2.3,3.3,3.5,2.32,2.05,1.75,2.03,1.77,2.05,1.77,2,1.74,2.28,1.72,0.25,1.8,2,1.79,2.03,1.83,2.04,1.77,1.98,1.94,2,3.1,3.2,2.2,3,3.1,2.15,3.4,2.88,2.1,3.17,3.32,2.31,2.9,3.2,2.25,3.16,3.26,2.24,3.4,3.35,2.31,3.19,3.23,2.18,3.45,3.25,2.34,2.08,1.73,2.11,1.75,2.21,1.75,2.09,1.7,2.22,1.76,0.25,1.85,1.95,1.86,1.99,1.95,1.99,1.87,1.92,1.93,2
EC,14/09/2024,15:00,Yeovil,Altrincham,0,0,D,0,0,D,L Swabey,2,0,0,0,2.3,3.3,3,2.25,3.25,2.75,2.3,3.1,2.8,2.37,3.5,2.8,2.2,3.4,2.88,2.36,3.34,2.81,2.37,3.56,3,2.31,3.37,2.8,2.48,3.25,2.9,1.93,1.88,1.93,1.85,1.94,1.91,1.89,1.84,1.9,1.87,-0.25,2.03,1.78,2.06,1.76,2.06,1.79,2.01,1.75,2.15,1.76,2.25,3.4,3.1,2.15,3.3,2.85,2.2,3.3,2.75,2.27,3.57,3.03,2.2,3.4,2.88,2.23,3.38,3.08,2.3,3.6,3.1,2.21,3.45,2.94,2.42,3.85,3,1.75,2.05,1.78,2.05,1.81,2.1,1.73,2.04,1.79,2.14,-0.25,1.95,1.85,1.98,1.87,1.98,1.9,1.94,1.85,2.08,1.87
EC,14/09/2024,15:00,York,Fylde,3,0,H,0,0,D,T Parsons,3,2,0,1,1.57,3.9,5.75,1.55,3.9,4.75,1.5,3.9,5,1.52,4.11,5.72,1.57,3.9,4.8,1.54,4.15,5.34,1.57,4.2,5.9,1.52,4.06,5.47,1.6,4.2,5.6,1.73,2.08,1.74,2.06,1.74,2.1,1.71,2.05,1.22,1.08,-1,1.98,1.83,1.93,1.88,1.98,1.88,1.9,1.86,1.82,1.84,1.45,4.2,6.25,1.44,4.2,5.5,1.4,4.33,5.5,1.45,4.66,6.46,1.57,3.9,4.8,1.48,4.27,6.36,1.48,4.7,6.5,1.44,4.39,6.1,1.51,4.8,6.6,1.62,2.25,1.64,2.29,1.69,2.29,1.65,2.15,1.69,2.28,-1.25,2,1.8,2.02,1.84,2.03,1.84,1.98,1.8,1.99,1.89
EC,14/09/2024,17:30,Dag and Red,Gateshead,7,1,H,2,1,H,A Dale,1,0,0,0,3.2,3.3,2.2,2.75,3.4,2.15,3,3.4,2.1,3.04,3.61,2.17,2.88,3.5,2.15,3,3.6,2.14,3.2,3.62,2.2,2.99,3.52,2.15,3,3.65,2.14,1.65,2.2,1.64,2.21,1.65,2.22,1.63,2.19,1.65,2.16,0.25,1.9,1.9,1.9,1.9,1.91,1.93,1.87,1.87,1.76,1.89,3.6,3.4,2.05,3,3.4,1.98,3.1,3.4,2,3.26,3.78,2.09,2.88,3.5,2.15,3.38,3.38,2.09,3.6,3.78,2.11,3.2,3.54,2.05,3.45,3.8,2.16,1.7,2.1,1.68,2.22,1.7,2.22,1.66,2.15,1.73,2.24,0.25,2.05,1.75,2.03,1.83,2.05,1.83,1.99,1.8,2.05,1.88
EC,17/09/2024,19:45,Fylde,Southend,2,1,H,1,0,H,D Baines,0,2,0,0,3,3.5,2.15,2.85,3.3,2.1,2.9,3.3,2.15,3.21,3.46,2.22,2.88,3.5,2.15,3.08,3.42,2.17,3.21,3.55,2.22,3.03,3.42,2.17,3.3,3.7,2.24,1.83,1.98,1.91,1.93,1.91,2.04,1.8,1.95,1.87,2,0.25,1.9,1.9,1.92,1.93,1.92,1.93,1.89,1.88,2.03,1.94,3.2,3.5,2.05,3,3.3,2.05,3.3,3.4,1.95,3.36,3.62,2.1,2.88,3.5,2.15,3.25,3.55,2.08,3.4,3.62,2.2,3.23,3.46,2.07,3.65,3.7,2.12,1.85,1.95,1.87,1.97,1.97,1.97,1.84,1.91,1.89,2,0.25,1.98,1.83,2.03,1.83,2.03,1.83,1.99,1.8,2.14,1.85
EC,21/09/2024,15:00,Aldershot,York,0,0,D,0,0,D,W Davis,2,1,0,0,2.9,3.5,2.15,2.95,3.4,2.05,2.8,3.3,2.2,2.83,3.62,2.29,3,3.4,2.1,2.87,3.48,2.26,2.95,3.68,2.31,2.84,3.5,2.23,2.78,3.55,2.12,1.73,2.08,1.76,2.04,1.76,2.08,1.74,2.01,1.64,1.94,0.25,1.85,1.95,1.81,2.02,1.91,2.02,1.82,1.95,1.96,1.93,3.4,3.6,1.9,3.1,3.4,1.98,3.5,3.4,1.91,3.75,3.67,1.95,3,3.4,2.1,3.49,3.7,1.95,3.75,3.7,2.12,3.44,3.55,1.95,3.95,3.75,2.06,1.75,2.05,1.75,2.1,1.81,2.15,1.73,2.04,1.74,2.2,0.5,1.83,1.98,1.89,1.96,1.89,2.03,1.82,1.95,1.93,2.06
EC,21/09/2024,15:00,Altrincham,Boston Utd,2,2,D,0,0,D,A Bannister,2,1,0,1,1.67,3.9,4.1,1.65,3.7,4.1,1.65,3.8,4.33,1.7,4.02,4.28,1.65,3.75,4.4,1.69,3.82,4.44,1.72,4.1,4.5,1.68,3.89,4.26,1.78,3.9,4.3,1.73,2.08,1.77,2.04,1.77,2.08,1.73,2.02,1.74,2.04,-0.75,1.9,1.9,1.92,1.9,1.92,1.92,1.87,1.88,1.97,1.83,1.75,3.9,3.8,1.68,3.7,3.9,1.73,3.6,3.9,1.77,4.12,4.06,1.65,3.75,4.4,1.78,3.98,3.88,1.79,4.12,4.2,1.76,3.86,3.94,1.86,4,4.2,1.73,2.08,1.72,2.14,1.81,2.14,1.74,2.03,1.82,2.12,-0.75,2,1.8,2,1.85,2.01,1.85,1.99,1.8,2.1,1.8
EC,21/09/2024,15:00,Braintree Town,Tamworth,0,1,A,0,0,D,S Mulhall,2,4,0,0,2,3.3,3.4,1.98,3.25,3.2,2,3.25,3.3,2.1,3.28,3.49,2,3.4,3.3,2.08,3.34,3.36,2.11,3.4,3.51,2.05,3.28,3.39,2.14,3.3,3.55,2.03,1.78,2.07,1.74,2.07,1.8,2.02,1.74,2.04,1.76,-0.25,1.78,2.03,1.82,2.01,1.82,2.03,1.77,1.98,1.86,2.04,2.2,3.25,3.1,2.1,3.1,3.1,2.2,3.1,2.9,2.3,3.34,3.17,2,3.4,3.3,2.23,3.3,3.14,2.3,3.34,3.45,2.21,3.23,3.1,2.42,3.45,3.2,2.08,1.73,2.1,1.75,2.13,1.75,2.05,1.72,2.12,1.78,-0.25,1.95,1.85,1.98,1.87,1.98,1.89,1.93,1.85,2.07,1.88
EC,21/09/2024,15:00,Eastleigh,Rochdale,4,2,H,2,1,H,A Farmer,2,4,0,0,2.7,3.6,2.25,2.65,3.4,2.25,2.6,3.6,2.3,2.77,3.46,2.41,2.6,3.4,2.38,2.71,3.48,2.33,2.78,3.6,2.42,2.71,3.47,2.33,2.64,3.1,2.3,1.73,2.08,1.72,2.08,1.73,2.1,1.71,2.06,1.7,2.06,0,2.05,1.75,2.06,1.78,2.06,1.78,2.04,1.75,2.01,1.75,2.7,3.5,2.3,2.55,3.4,2.3,2.55,3.5,2.25,2.91,3.44,2.41,2.6,3.4,2.38,2.76,3.68,2.3,2.91,3.68,2.41,2.74,3.48,2.32,2.86,3.6,2.48,1.8,2,1.85,1.99,1.85,2.1,1.73,2.04,1.77,2.2,0,2.05,1.75,2.12,1.75,2.12,1.78,2.07,1.76,2.12,1.82
EC,21/09/2024,15:00,Fylde,Woking,1,1,D,0,0,D,Z Kennard-Kettle,2,1,0,0,2.55,3.4,2.45,2.45,3.3,2.45,2.6,3.3,2.4,2.61,3.44,2.55,2.5,3.4,2.45,2.58,3.4,2.48,2.64,3.45,2.55,2.57,3.37,2.49,2.5,3.15,2.46,1.8,2,1.82,1.99,1.83,2,1.79,1.94,1.69,1.84,0,1.95,1.85,1.93,1.88,1.95,1.88,1.92,1.85,1.87,1.82,2.35,3.5,2.6,2.35,3.4,2.5,2.4,3.3,2.5,2.52,3.6,2.64,2.5,3.4,2.45,2.41,3.59,2.66,2.6,3.61,2.7,2.43,3.49,2.59,2.52,3.75,2.76,1.7,2.1,1.76,2.09,1.81,2.16,1.71,2.07,1.78,2.16,0,1.83,1.98,1.89,1.98,1.89,2.02,1.84,1.98,1.86,2
EC,21/09/2024,15:00,Gateshead,Forest Green,0,2,A,0,1,A,B Wyatt,1,4,0,0,1.91,3.6,3.5,1.88,3.5,3.3,1.9,3.6,3.3,1.96,3.96,3.26,1.91,3.6,3.4,1.96,3.65,3.4,1.99,3.98,3.5,1.94,3.75,3.3,2.1,3.85,2.98,1.65,2.2,1.63,2.26,1.65,2.27,1.62,2.21,1.66,2.24,-0.5,1.95,1.85,1.98,1.84,1.98,1.85,1.94,1.82,2.1,1.73,2.25,3.5,2.8,2.15,3.4,2.75,2.15,3.3,2.9,2.26,3.79,2.9,1.91,3.6,3.4,2.29,3.56,2.85,2.3,3.81,2.9,2.23,3.59,2.81,2.34,3.7,3.05,1.7,2.1,1.69,2.19,1.74,2.2,1.67,2.13,1.74,2.2,-0.25,2,1.8,1.99,1.86,2.04,1.86,1.98,1.8,2.02,1.93
EC,21/09/2024,15:00,Hartlepool,Dag and Red,0,1,A,0,1,A,S Morland,1,7,1,0,2.1,3.5,3,2.05,3.3,3,2.05,3.4,3,2.15,3.53,3.14,2.05,3.4,3.1,2.14,3.44,3.12,2.15,3.6,3.15,2.12,3.45,3.08,2.18,3.4,3.15,1.83,1.98,1.85,1.95,1.85,1.98,1.82,1.92,1.85,1.97,-0.25,1.88,1.93,1.88,1.93,1.88,1.93,1.84,1.91,1.89,1.92,2.3,3.4,2.7,2.25,3.3,2.6,2.3,3.3,2.63,2.46,3.59,2.74,2.05,3.4,3.1,2.37,3.5,2.78,2.46,3.6,2.8,2.36,3.45,2.7,2.5,3.7,2.86,1.83,1.98,1.87,1.97,1.89,2.06,1.81,1.94,1.87,2.04,0,1.75,2.05,1.83,2.04,1.83,2.11,1.77,2.05,1.84,2.1
EC,21/09/2024,15:00,Maidenhead,Halifax,0,1,A,0,0,D,J Bancroft,2,1,0,0,2.5,3.25,2.6,2.35,3.1,2.65,2.45,3.1,2.63,2.66,3.23,2.63,2.38,3.2,2.7,2.58,3.22,2.58,2.66,3.27,2.65,2.56,3.19,2.61,2.68,3.2,2.64,2.08,1.73,2.1,1.72,2.1,1.75,2.05,1.71,2.1,1.75,0,1.85,1.95,1.92,1.9,1.92,1.99,1.86,1.93,1.9,1.88,3.1,3.3,2.1,3.1,3.1,2.05,3.3,3,2.1,3.47,3.09,2.28,2.38,3.2,2.7,3.19,3.4,2.17,3.75,3.4,2.28,3.31,3.15,2.16,3.45,3.3,2.34,2.08,1.73,2.15,1.72,2.15,1.73,2.08,1.7,2.22,1.73,0.25,1.93,1.88,1.91,1.94,1.99,1.94,1.91,1.88,1.78,1.73
EC,21/09/2024,15:00,Oldham,Yeovil,1,0,H,0,0,D,P Marsden,3,2,0,0,1.83,3.7,3.7,1.83,3.3,3.6,1.85,3.5,3.6,1.86,3.49,4.05,1.83,3.4,3.8,1.87,3.48,3.9,1.88,3.7,4.1,1.85,3.49,3.87,1.87,3.45,4,2,1.8,2,1.81,2,1.81,1.97,1.77,1.94,1.84,-0.5,1.85,1.95,1.88,1.93,1.88,1.95,1.85,1.91,1.87,1.96,1.83,3.6,3.7,1.8,3.3,3.8,1.8,3.4,3.8,1.88,3.58,4.16,1.83,3.4,3.8,1.86,3.76,3.76,1.88,3.76,4.16,1.84,3.52,3.92,1.97,3.8,4.2,2.05,1.75,2.05,1.8,2.11,1.85,1.99,1.77,2.06,1.9,-0.5,1.85,1.95,1.88,1.97,1.88,1.97,1.83,1.93,1.97,1.99
EC,21/09/2024,15:00,Solihull,Southend,2,4,A,1,2,A,S Parkinson,1,3,0,0,2.8,3.5,2.25,2.75,3.2,2.25,2.8,3.3,2.2,3.07,3.21,2.34,2.75,3.3,2.3,2.97,3.32,2.27,3.07,3.5,2.35,2.92,3.27,2.28,2.98,3.15,2.24,1.98,1.83,2.02,1.79,2.02,1.83,1.96,1.78,1.94,1.77,0.25,1.8,2,1.81,2.02,1.81,2.02,1.78,1.97,1.85,1.95,2.25,3.5,2.7,2.3,3.2,2.65,2.25,3.25,2.75,2.4,3.42,2.94,2.75,3.3,2.3,2.32,3.6,2.78,2.55,3.6,2.96,2.35,3.35,2.79,2.54,3.6,2.96,2,1.8,1.96,1.88,2.02,1.88,1.93,1.82,2.06,1.9,-0.25,2.05,1.75,2.08,1.79,2.16,1.79,2.05,1.75,2.19,1.8
EC,21/09/2024,15:00,Sutton,Ebbsfleet,3,2,H,1,0,H,R Eley,4,2,0,0,1.75,3.75,4,1.72,3.5,3.8,1.73,3.75,3.9,1.74,3.79,4.29,1.73,3.7,4,1.76,3.75,4.1,1.79,3.81,4.33,1.75,3.71,4.09,1.73,3.7,4.3,1.73,2.08,1.74,2.09,1.75,2.09,1.72,2.04,1.74,2.04,-0.75,1.98,1.83,1.98,1.84,1.99,1.84,1.95,1.81,1.94,1.86,1.65,4,4.33,1.65,3.6,4.2,1.62,3.9,4.2,1.67,4.17,4.64,1.73,3.7,4,1.68,4.06,4.4,1.76,4.17,4.75,1.67,3.94,4.38,1.76,4.2,4.7,1.7,2.1,1.7,2.18,1.74,2.18,1.69,2.1,1.76,2.22,-0.75,1.85,1.95,1.86,2,1.88,2,1.84,1.95,1.95,1.95
EC,21/09/2024,17:30,Wealdstone,Barnet,0,3,A,0,0,D,S Purkiss,5,2,0,0,4.1,3.7,1.73,3.8,3.6,1.71,4,3.75,1.7,4.15,3.91,1.74,4.2,3.9,1.67,4.1,3.92,1.73,4.15,4,1.75,4.02,3.83,1.73,4.1,3.9,1.76,1.6,2.3,1.59,2.34,1.6,2.35,1.57,2.28,1.58,2.32,0.75,1.85,1.95,1.85,1.97,1.86,1.97,1.83,1.92,1.86,1.95,4.75,3.8,1.62,4.33,3.75,1.6,4.4,3.8,1.57,4.94,4.24,1.62,4.2,3.9,1.67,4.63,4.15,1.61,4.94,4.24,1.75,4.58,4.02,1.62,5,4.3,1.7,1.57,2.35,1.57,2.43,1.57,2.43,1.54,2.35,1.64,2.4,0.75,2,1.8,2.07,1.78,2.07,1.83,2.01,1.77,2.08,1.86
EC,24/09/2024,19:45,Aldershot,Barnet,0,1,A,0,1,A,O Mackey,4,4,1,0,3.8,4,1.7,3.7,3.75,1.71,3.9,3.8,1.7,4.28,4.05,1.75,3.7,3.8,1.75,3.95,3.98,1.73,4.28,4.05,1.78,3.97,3.93,1.73,4.1,4.3,1.77,1.48,2.6,1.51,2.56,1.51,2.75,1.47,2.52,1.54,2.68,0.75,1.85,1.95,1.89,1.96,1.89,1.97,1.84,1.91,1.9,1.96,4,4,1.65,3.7,3.75,1.71,4.2,4,1.62,4.47,4.2,1.68,3.7,3.8,1.75,4.14,4.14,1.7,4.47,4.2,1.75,4.17,4.01,1.68,4.6,4.6,1.74,1.48,2.6,1.49,2.62,1.5,2.75,1.47,2.56,1.53,2.8,0.75,1.95,1.85,1.98,1.88,1.98,1.89,1.94,1.85,2.03,1.9
EC,24/09/2024,19:45,Altrincham,Dag and Red,2,1,H,1,1,D,F Hallam,0,3,0,0,2.63,3.3,2.4,2.45,3.3,2.37,2.6,3.3,2.38,2.73,3.75,2.39,2.45,3.6,2.4,2.66,3.5,2.34,2.73,3.75,2.45,2.65,3.5,2.36,2.8,3.65,2.56,1.7,2.1,1.72,2.12,1.72,2.16,1.69,2.09,1.76,2.12,0,2.03,1.78,2.07,1.8,2.08,1.8,2.02,1.78,2.05,1.87,2.5,3.3,2.5,2.45,3.3,2.37,2.4,3.2,2.63,2.57,3.59,2.63,2.45,3.6,2.4,2.58,3.41,2.58,2.6,3.59,2.63,2.52,3.41,2.53,2.62,3.6,2.82,1.7,2.1,1.74,2.12,1.74,2.16,1.69,2.09,1.75,2.18,0,1.9,1.9,1.9,1.95,1.93,1.95,1.9,1.91,1.89,2.05
EC,24/09/2024,19:45,Braintree Town,Halifax,1,0,H,0,0,D,A Young,4,2,0,0,2.9,3,2.45,2.8,3,2.3,2.75,3,2.45,2.96,3.2,2.51,3.1,3.2,2.15,2.88,3.14,2.4,2.97,3.25,2.51,2.88,3.09,2.41,2.96,3.25,2.6,2.25,1.62,2.26,1.64,2.31,1.68,2.19,1.63,2.26,1.68,0.25,1.7,2.1,1.72,2.14,1.76,2.14,1.72,2.06,1.75,2.21,3,3,2.38,2.8,2.95,2.3,3,2.8,2.3,3.14,3.05,2.48,3.1,3.2,2.15,3.05,3.05,2.42,3.14,3.25,2.49,2.97,3.01,2.41,3.35,3.05,2.5,2.3,1.6,2.33,1.62,2.33,1.68,2.25,1.6,2.46,1.6,0.25,1.78,2.03,1.77,2.11,1.84,2.11,1.76,2.04,1.86,2.11
EC,24/09/2024,19:45,Eastleigh,Woking,2,2,D,1,1,D,R Watkins,2,1,0,0,1.95,3.5,3.4,1.95,3.4,3.1,1.87,3.5,3.5,2.01,3.77,3.46,1.85,3.6,3.4,2,3.52,3.35,2.08,3.77,3.5,1.99,3.57,3.32,2.04,3.8,3.6,1.73,2.08,1.78,2.05,1.78,2.1,1.73,2.02,1.79,2.06,-0.5,2,1.8,2.02,1.84,2.08,1.84,1.98,1.79,2.04,1.89,2.2,3.3,3,2.1,3.25,2.9,2.15,3.3,2.88,2.28,3.47,3.09,1.85,3.6,3.4,2.25,3.37,3.06,2.28,3.53,3.4,2.19,3.37,3.01,2.32,3.7,3.25,1.95,1.85,1.97,1.86,1.97,2.02,1.88,1.87,1.95,1.96,-0.25,1.95,1.85,1.98,1.87,1.99,1.88,1.93,1.85,2,1.97
EC,24/09/2024,19:45,Fylde,Tamworth,1,2,A,0,0,D,S Copeland,4,4,0,0,2.05,3.5,3.25,2.05,3.3,3,1.95,3.3,3.3,2.07,3.73,3.33,2,3.4,3.25,2.04,3.5,3.27,2.14,3.73,3.5,2.02,3.52,3.25,2.14,3.55,3.4,1.8,2,1.79,2.03,1.8,2.04,1.76,1.98,1.8,2.08,-0.25,1.8,2,1.82,2.05,1.82,2.05,1.78,1.99,1.84,2.05,2.2,3.4,3,2.15,3.3,2.8,2.15,3.3,2.88,2.26,3.69,2.97,2,3.4,3.25,2.23,3.44,3.04,2.27,3.69,3.1,2.19,3.48,2.93,2.3,3.7,3.1,1.8,2,1.81,2.03,1.81,2.1,1.77,1.99,1.81,2.16,-0.25,1.93,1.88,1.98,1.88,1.98,1.93,1.93,1.86,2.04,1.9
EC,24/09/2024,19:45,Gateshead,Boston Utd,2,0,H,2,0,H,J Mulligan,4,2,0,0,1.36,4.75,6.5,1.36,4.5,6.25,1.3,4.6,7.5,1.38,4.96,7.52,1.33,4.6,7.5,1.36,4.75,7.3,1.4,5,7.52,1.36,4.75,7.09,1.37,5.1,8.6,1.62,2.25,1.67,2.24,1.67,2.27,1.61,2.21,1.65,2.38,-1.25,1.85,1.95,1.86,1.99,1.86,1.99,1.82,1.94,1.83,1.98,1.36,4.75,6.5,1.35,4.6,6.25,1.22,5,9,1.38,5.03,7.5,1.33,4.6,7.5,1.4,4.87,6.67,1.4,5.03,9,1.36,4.82,7.05,1.37,5.5,9,1.57,2.35,1.57,2.44,1.57,2.45,1.54,2.39,1.57,2.58,-1.25,1.8,2,1.82,2.04,1.83,2.04,1.8,1.99,1.75,2.02
EC,24/09/2024,19:45,Hartlepool,Rochdale,0,3,A,0,1,A,M Woods,1,1,0,0,2.75,3.3,2.35,2.7,3.2,2.3,2.8,3.1,2.3,2.86,3.48,2.42,2.75,3.3,2.3,2.81,3.28,2.37,2.86,3.48,2.45,2.78,3.31,2.36,3.05,3.4,2.52,2,1.8,2.02,1.83,2.03,1.83,1.96,1.79,2.04,1.83,0.25,1.75,2.05,1.78,2.1,1.78,2.13,1.73,2.04,1.83,2.17,2.75,3.3,2.35,2.65,3.2,2.3,2.7,3,2.4,2.82,3.45,2.47,2.75,3.3,2.3,2.81,3.37,2.4,2.82,3.45,2.47,2.76,3.31,2.38,2.88,3.4,2.7,1.95,1.85,2.01,1.83,2.01,1.91,1.95,1.8,2.08,1.88,0,2.05,1.75,2.06,1.81,2.08,1.81,2.05,1.77,2.04,1.9
EC,24/09/2024,19:45,Maidenhead,Ebbsfleet,2,1,H,1,0,H,E Swallow,3,3,0,0,2.1,3.4,3,2.1,3.3,2.85,2.05,3.3,3.1,2.22,3.48,3.2,2.05,3.5,3.1,2.13,3.48,3.08,2.22,3.5,3.2,2.15,3.39,3.04,2.36,3.55,3.15,1.75,2.05,1.79,2.01,1.79,2.11,1.75,2,1.82,2.06,-0.25,1.9,1.9,1.93,1.93,1.93,1.93,1.87,1.88,2.04,1.91,2.2,3.3,2.88,2.15,3.3,2.75,2.15,3.3,2.8,2.34,3.45,3,2.05,3.5,3.1,2.28,3.41,2.97,2.35,3.45,3.15,2.26,3.34,2.91,2.38,3.55,3.15,1.73,2.08,1.83,2.02,1.83,2.11,1.75,2.01,1.83,2.08,-0.25,1.98,1.83,2.03,1.83,2.03,1.85,1.97,1.82,2.06,1.88
EC,24/09/2024,19:45,Oldham,Forest Green,1,0,H,1,0,H,J O'Connor,2,2,0,0,2.38,3.25,2.7,2.3,3.1,2.65,2.38,3.1,2.75,2.54,3.13,2.98,2.4,3.3,2.6,2.32,3.25,2.91,2.54,3.3,2.98,2.41,3.14,2.84,2.48,3.15,3.15,2.05,1.75,2.06,1.77,2.06,1.81,2.01,1.75,2.12,1.79,-0.25,2.08,1.73,2.15,1.72,2.15,1.73,2.07,1.71,2.11,1.79,2.5,3.2,2.6,2.4,3.1,2.6,2.45,3,2.63,2.69,3.11,2.81,2.4,3.3,2.6,2.57,3.29,2.67,2.69,3.29,2.88,2.55,3.11,2.7,2.72,3.35,2.9,2.05,1.75,2.14,1.72,2.14,1.81,2.06,1.72,2.2,1.8,0,1.88,1.93,1.88,1.97,1.89,1.97,1.86,1.95,1.91,2.03
EC,24/09/2024,19:45,Solihull,York,0,3,A,0,1,A,G Rollason,1,1,0,0,3,3.4,2.15,2.87,3.3,2.1,2.9,3.3,2.15,3.22,3.39,2.25,3,3.3,2.15,3.08,3.34,2.18,3.22,3.4,2.3,3.05,3.33,2.18,3.5,3.35,2.26,1.9,1.9,1.97,1.86,1.97,1.95,1.88,1.86,1.98,1.87,0.25,1.88,1.93,1.91,1.94,1.91,1.95,1.86,1.9,1.97,1.96,3.1,3.4,2.1,2.87,3.3,2.1,3,3.2,2.1,3.13,3.43,2.28,3,3.3,2.15,3.17,3.48,2.14,3.17,3.48,2.3,3.05,3.34,2.18,3.35,3.5,2.34,1.9,1.9,1.96,1.88,1.97,1.95,1.89,1.86,1.99,1.94,0.25,1.9,1.9,1.88,1.97,1.94,1.97,1.88,1.91,1.94,2.01
EC,24/09/2024,19:45,Sutton,Yeovil,0,0,D,0,0,D,P Johnson,3,4,0,0,2,3.3,3.4,1.98,3.2,3.25,2,3.3,3.3,2.09,3.49,3.5,2,3.4,3.3,2.02,3.44,3.38,2.1,3.49,3.5,2.04,3.35,3.37,2.16,3.45,3.55,1.9,1.9,1.9,1.93,1.91,1.95,1.86,1.88,1.88,2.06,-0.25,1.78,2.03,1.81,2.05,1.81,2.05,1.76,2,1.87,2.05,2,3.4,3.4,1.98,3.2,3.25,2,3.4,3.1,2.08,3.66,3.36,2,3.4,3.3,2.04,3.46,3.46,2.08,3.66,3.46,2.03,3.48,3.29,2.12,3.85,3.55,1.83,1.98,1.82,2.02,1.89,2.1,1.8,1.95,1.86,2.08,-0.25,1.75,2.05,1.83,2.04,1.83,2.08,1.78,2.02,1.85,2.11
EC,24/09/2024,19:45,Wealdstone,Southend,1,1,D,0,0,D,A Humphries,1,3,0,0,3.1,3.4,2.1,3,3.3,2.05,3.1,3.3,2.05,3.26,3.56,2.17,3.1,3.3,2.1,3.19,3.4,2.11,3.27,3.56,2.17,3.15,3.39,2.11,3.6,3.45,2.18,1.9,1.9,1.93,1.9,1.93,1.97,1.87,1.87,1.94,1.91,0.25,1.95,1.85,1.97,1.88,1.97,1.9,1.92,1.83,2.09,1.87,3.25,3.4,2.05,3,3.3,2.05,3.1,3.3,2.05,3.46,3.6,2.07,3.1,3.3,2.1,3.31,3.46,2.09,3.46,3.6,2.13,3.27,3.43,2.05,3.6,3.75,2.12,1.85,1.95,1.93,1.9,1.97,2.03,1.87,1.88,1.94,2,0.25,2,1.8,2.07,1.8,2.07,1.85,2.01,1.79,2.13,1.84
EC,28/09/2024,15:00,Barnet,Fylde,2,0,H,0,0,D,A Miller,3,2,0,0,1.33,5.5,7,1.29,5.25,7.25,1.25,5.5,8,1.31,5.53,7.5,1.29,5.5,7.5,1.31,5.4,7.48,1.34,6,8,1.3,5.44,7.36,1.32,5.1,7,1.36,3.1,1.35,3.09,1.36,3.2,1.33,3.04,1.35,3.05,-1.5,1.85,1.95,1.88,1.94,1.88,1.97,1.84,1.91,1.81,1.89,1.33,5.25,6.5,1.32,5,6.75,1.25,5,7,1.32,5.73,8.05,1.29,5.5,7.5,1.37,5.37,6.65,1.38,5.73,8.05,1.33,5.27,7.04,1.35,6.2,8.2,1.36,3.1,1.36,3.17,1.36,3.41,1.34,3.09,1.4,3.2,-1.5,1.9,1.9,1.9,1.95,1.96,1.95,1.91,1.86,1.88,2
EC,28/09/2024,15:00,Boston Utd,Maidenhead,1,2,A,1,1,D,R Atkin,3,3,0,0,2.63,3.1,2.5,2.4,3.2,2.5,2.63,3.1,2.45,2.79,3.26,2.5,2.5,3.3,2.5,2.66,3.3,2.43,2.8,3.3,2.65,2.67,3.21,2.49,2.78,3.3,2.54,1.95,1.85,1.95,1.85,1.96,1.86,1.91,1.82,1.92,1.87,0,1.98,1.83,2.03,1.81,2.03,1.87,1.96,1.82,1.97,1.85,2.35,3.2,2.75,2.3,3.25,2.6,2.25,3.3,2.7,2.36,3.55,2.9,2.5,3.3,2.5,2.38,3.3,2.89,2.45,3.55,2.91,2.32,3.37,2.81,2.44,3.7,2.96,1.85,1.95,1.83,2.01,1.97,2.01,1.83,1.92,1.86,2.06,-0.25,2.03,1.78,2.06,1.81,2.06,1.81,2.01,1.78,2.13,1.85
EC,28/09/2024,15:00,Dag and Red,Solihull,1,1,D,0,0,D,J O'Connor,5,1,0,0,2.15,3.25,3.2,2.1,3.25,2.95,2.2,3.25,3,2.2,3.42,3.14,2.1,3.4,3,2.16,3.4,3.08,2.21,3.45,3.2,2.16,3.34,3.09,2.24,3.35,3.1,1.88,1.93,1.88,1.93,1.89,1.93,1.84,1.89,1.88,1.92,-0.25,1.9,1.9,1.92,1.9,1.93,1.91,1.87,1.87,1.95,1.88,1.85,3.5,3.8,1.88,3.4,3.3,1.87,3.3,3.6,1.97,3.53,3.83,2.1,3.4,3,1.94,3.46,3.76,2,3.53,3.94,1.92,3.45,3.65,2,3.7,3.95,1.73,2.08,1.79,2.05,1.84,2.09,1.76,2,1.8,2.2,-0.5,1.9,1.9,1.98,1.87,1.98,1.9,1.92,1.84,2,1.94
EC,28/09/2024,15:00,Forest Green,Hartlepool,1,0,H,0,0,D,R Martin,0,2,0,0,1.57,3.8,5,1.53,3.8,5,1.53,3.8,5,1.61,3.99,5.02,1.57,3.75,5,1.6,3.86,5.03,1.63,4.1,5.3,1.59,3.89,4.97,1.59,3.95,5.7,1.85,1.95,1.84,1.97,1.89,1.97,1.81,1.92,1.8,1.94,-1,2,1.8,2.08,1.75,2.08,1.8,2.03,1.74,1.98,1.75,1.48,4.1,5.5,1.51,4,5,1.47,3.9,5.5,1.53,4.48,5.63,1.57,3.75,5,1.54,4.22,5.4,1.55,4.5,5.64,1.52,4.22,5.34,1.57,4.4,6.2,1.7,2.1,1.72,2.14,1.76,2.17,1.69,2.09,1.79,2.18,-1,1.83,1.98,1.88,1.97,1.93,1.98,1.86,1.92,1.88,1.92
EC,28/09/2024,15:00,Halifax,Wealdstone,2,2,D,0,1,A,S Copeland,1,3,0,2,1.9,3.4,3.8,1.85,3.3,3.5,1.9,3.3,3.75,1.94,3.43,3.8,1.91,3.4,3.6,1.91,3.45,3.72,1.97,3.5,3.82,1.92,3.38,3.68,1.91,3.4,3.85,1.98,1.83,1.98,1.83,1.98,1.85,1.93,1.81,1.96,1.81,-0.5,1.95,1.85,1.96,1.85,1.98,1.86,1.92,1.83,1.91,1.9,1.8,3.4,4.2,1.75,3.4,3.9,1.75,3.4,4.1,1.86,3.66,4.13,1.91,3.4,3.6,1.86,3.45,4.15,1.87,3.66,4.2,1.82,3.5,4.02,1.93,3.7,4.1,1.98,1.83,1.99,1.85,2.02,1.85,1.94,1.81,2,1.9,-0.5,1.8,2,1.87,1.99,1.87,2.02,1.81,1.96,1.93,1.98
EC,28/09/2024,15:00,Rochdale,Braintree Town,1,0,H,1,0,H,G Rhodes,1,2,0,0,1.57,4,5,1.55,3.8,4.75,1.53,3.8,5,1.6,3.92,5.22,1.55,3.9,5,1.6,3.9,4.99,1.61,4,5.3,1.58,3.89,5.02,1.57,3.75,4.8,1.75,2.05,1.81,2,1.81,2.05,1.77,1.98,1.74,1.98,-1,2.03,1.78,2.07,1.76,2.07,1.8,2.01,1.76,1.99,1.74,1.42,4.33,6.5,1.42,4.1,6,1.4,4,6.5,1.46,4.33,7.11,1.55,3.9,5,1.45,4.41,6.62,1.48,5,7.3,1.43,4.26,6.56,1.49,4.5,7.4,1.85,1.95,1.87,1.97,1.97,2,1.82,1.93,1.9,2.02,-1.25,2.03,1.78,2.1,1.76,2.1,1.8,2.01,1.77,2.01,1.75
EC,28/09/2024,15:00,Southend,Gateshead,1,3,A,1,1,D,W Cartmel,1,3,0,0,2.4,3.1,2.8,2.25,3.2,2.7,2.3,3.2,2.7,2.48,3.26,2.81,2.3,3.25,2.8,2.38,3.32,2.72,2.5,3.32,2.88,2.4,3.22,2.77,2.48,3.25,2.78,1.95,1.85,1.94,1.86,1.95,1.95,1.9,1.84,1.92,1.87,0,1.75,2.05,1.79,2.04,1.79,2.05,1.76,2.01,1.8,2,2.9,3.1,2.25,2.8,3.2,2.2,2.75,3.2,2.3,2.94,3.37,2.42,2.3,3.25,2.8,3.02,3.23,2.34,3.2,3.37,2.42,2.88,3.25,2.33,3.1,3.5,2.44,1.88,1.93,1.9,1.93,1.97,1.96,1.88,1.87,1.95,2,0.25,1.83,1.98,1.78,2.09,1.83,2.09,1.78,2.02,1.87,2.1
EC,28/09/2024,15:00,Tamworth,Altrincham,1,2,A,0,0,D,J Bancroft,2,2,0,1,2.5,3.25,2.6,2.4,3.25,2.45,2.5,3.3,2.5,2.55,3.49,2.58,2.45,3.4,2.5,2.5,3.42,2.52,2.57,3.56,2.6,2.49,3.41,2.54,2.52,3.4,2.62,1.75,2.05,1.81,2.01,1.81,2.05,1.76,1.98,1.73,1.98,0,1.88,1.93,1.89,1.93,1.89,1.95,1.86,1.91,1.88,1.91,2.55,3.2,2.55,2.4,3.3,2.45,2.5,3.3,2.5,2.65,3.58,2.55,2.45,3.4,2.5,2.62,3.28,2.62,2.65,3.58,2.62,2.55,3.41,2.51,2.64,3.55,2.7,1.8,2,1.81,2.03,1.89,2.15,1.77,1.99,1.83,2.1,0,1.9,1.9,1.96,1.88,1.96,1.95,1.91,1.91,1.92,1.97
EC,28/09/2024,15:00,Woking,Sutton,1,2,A,0,2,A,S Parkinson,4,4,0,0,2.55,3.1,2.63,2.4,3.2,2.55,2.45,3.1,2.63,2.58,3.25,2.7,2.45,3.25,2.6,2.49,3.3,2.6,2.6,3.3,2.71,2.5,3.2,2.63,2.56,3.15,2.58,1.95,1.85,1.95,1.85,1.96,1.86,1.91,1.82,1.89,1.82,0,1.85,1.95,1.87,1.95,1.87,1.97,1.84,1.93,1.82,1.89,2.63,3.1,2.5,2.55,3.2,2.37,2.63,3.1,2.4,2.72,3.35,2.61,2.45,3.25,2.6,2.71,3.2,2.58,2.73,3.35,2.7,2.64,3.22,2.52,2.76,3.4,2.62,1.9,1.9,1.94,1.89,1.97,1.92,1.9,1.85,1.94,1.93,0,1.98,1.83,1.96,1.88,2.02,1.88,1.97,1.85,1.98,1.88
EC,28/09/2024,15:00,Yeovil,Aldershot,1,1,D,0,1,A,R Massey-Ellis,2,2,0,0,2.2,3.25,3.1,2.1,3.3,2.9,2.1,3.3,3.1,2.28,3.32,3.07,2,3.5,3.2,2.18,3.42,3.02,2.28,3.45,3.3,2.18,3.32,3.06,2.2,3.05,2.86,1.8,2,1.87,1.93,1.87,2,1.81,1.92,1.81,1.95,-0.25,1.93,1.88,1.98,1.84,1.98,1.94,1.89,1.86,1.91,1.74,2.15,3.25,3.1,2.1,3.4,2.85,2.1,3.3,2.88,2.2,3.52,3.21,2,3.5,3.2,2.18,3.44,3.14,2.3,3.55,3.21,2.16,3.41,3.05,2.24,3.85,3.15,1.8,2,1.87,1.97,1.87,2.1,1.78,1.97,1.83,2.1,-0.25,1.93,1.88,1.92,1.93,1.98,1.93,1.9,1.89,1.95,1.96
EC,28/09/2024,15:00,York,Eastleigh,0,0,D,0,0,D,Z Kennard-Kettle,2,3,0,0,1.62,3.9,4.33,1.6,3.75,4.4,1.5,3.8,5.5,1.63,3.91,4.88,1.62,3.75,4.6,1.63,3.88,4.74,1.66,4,5.5,1.61,3.84,4.71,1.64,3.9,5.1,1.75,2.05,1.76,2.02,1.77,2.05,1.74,2,1.75,2.04,-0.75,1.8,2,1.83,1.99,1.83,2,1.79,1.95,1.84,2.02,1.6,4,4.5,1.6,3.75,4.4,1.5,3.75,5.5,1.66,4.08,4.85,1.62,3.75,4.6,1.64,4.1,4.62,1.67,4.1,5.5,1.63,3.91,4.67,1.69,4,5.3,1.73,2.08,1.75,2.1,1.81,2.1,1.74,2.03,1.79,2.12,-0.75,1.8,2,1.85,2.01,1.85,2.06,1.81,1.99,1.86,2.01
EC,28/09/2024,17:30,Ebbsfleet,Oldham,1,2,A,0,0,D,A Farmer,0,2,0,0,3.75,3.4,1.91,3.4,3.4,1.87,3.75,3.3,1.85,3.64,3.46,1.98,3.8,3.5,1.8,3.55,3.48,1.95,3.9,3.6,1.99,3.59,3.44,1.93,3.75,3.45,1.95,1.88,1.93,1.89,1.91,1.89,1.96,1.85,1.89,1.86,1.92,0.5,1.85,1.95,1.83,2,1.9,2,1.84,1.93,1.87,1.95,4,3.4,1.83,3.6,3.4,1.8,4,3.4,1.75,3.96,3.6,1.92,3.8,3.5,1.8,4.07,3.46,1.87,4.07,3.6,1.92,3.83,3.48,1.87,4.3,3.65,1.99,1.9,1.9,1.89,1.94,1.97,1.94,1.86,1.89,1.94,1.96,0.5,1.93,1.88,1.93,1.93,1.97,1.93,1.91,1.86,2,1.99
EC,05/10/2024,15:00,Barnet,Boston Utd,3,1,H,0,1,A,A Dale,2,1,0,0,1.22,6,9,1.23,5.75,8.5,1.18,6,10,1.23,6.16,9.37,1.22,5.8,10,1.23,5.95,9.85,1.25,6.6,10,1.23,5.96,9.36,1.24,6.2,11,1.44,2.7,1.4,2.83,1.44,2.9,1.4,2.77,1.37,2.78,-1.75,1.88,1.93,1.87,1.93,1.91,1.93,1.84,1.9,1.83,1.88,1.22,6.25,9,1.21,6,8.75,1.14,6,10,1.25,6.22,10.08,1.22,5.8,10,1.25,6.37,9.18,1.26,6.5,11,1.23,6.1,9.46,1.24,7.2,13,1.36,3.1,1.39,2.98,1.39,3.25,1.36,2.99,1.41,3.1,-1.75,1.8,2,1.88,1.95,1.9,2.02,1.82,1.97,1.76,1.95
EC,05/10/2024,15:00,Braintree Town,Altrincham,2,0,H,1,0,H,O Mackey,3,2,0,0,2.75,3.4,2.3,2.6,3.25,2.3,2.7,3.1,2.38,2.86,3.2,2.48,2.7,3.3,2.38,2.79,3.34,2.36,2.88,3.4,2.48,2.78,3.25,2.37,2.72,3.25,2.34,1.9,1.9,1.94,1.86,1.94,1.95,1.88,1.85,1.87,1.85,0,2.05,1.75,2.06,1.78,2.06,1.78,2.05,1.74,2,1.73,3.25,3.3,2.05,3.2,3.2,2.05,3.3,3.1,1.95,3.45,3.34,2.17,2.7,3.3,2.38,3.34,3.39,2.1,3.45,3.39,2.2,3.28,3.26,2.11,3.5,3.35,2.24,2.05,1.75,2.01,1.83,2.11,1.86,1.98,1.77,2.06,1.83,0.25,2,1.8,1.98,1.87,2.04,1.89,1.97,1.81,2.01,1.93
EC,05/10/2024,15:00,Eastleigh,Forest Green,1,3,A,1,0,H,F Hallam,1,1,0,0,3.1,3.5,2,3.1,3.3,1.98,3.3,3.3,1.95,3.15,3.58,2.12,3.4,3.4,1.95,3.21,3.42,2.09,3.3,3.66,2.15,3.13,3.49,2.07,3.15,3.5,2.04,1.85,1.95,1.85,1.94,1.87,1.96,1.82,1.92,1.82,1.94,0.25,2,1.8,1.95,1.87,2,1.87,1.93,1.81,1.97,1.8,3.1,3.5,2.1,3,3.3,2.05,3,3.25,2,3.3,3.58,2.13,3.4,3.4,1.95,3.14,3.55,2.13,3.3,3.59,2.15,3.16,3.46,2.09,3.4,3.6,2.26,1.85,1.95,1.9,1.93,1.97,1.96,1.84,1.91,2,1.94,0.25,1.98,1.83,1.99,1.86,1.99,1.87,1.95,1.83,2.01,1.93
EC,05/10/2024,15:00,Ebbsfleet,Rochdale,2,2,D,0,2,A,W Cartmel,2,0,0,0,3.4,3.6,1.9,3.4,3.4,1.87,3.5,3.5,1.9,3.66,3.65,1.92,3.6,3.6,1.83,3.6,3.6,1.9,3.7,3.69,1.95,3.54,3.57,1.91,3.65,3.6,1.95,1.73,2.08,1.74,2.06,1.75,2.08,1.72,2.03,1.92,2.06,0.5,1.88,1.93,1.88,1.93,1.88,1.93,1.85,1.9,2,1.95,3.5,3.6,1.85,3.4,3.5,1.87,3.75,3.4,1.75,3.8,3.84,1.89,3.6,3.6,1.83,3.61,3.72,1.91,3.8,3.84,1.92,3.59,3.64,1.88,4,3.8,2,1.73,2.08,1.75,2.1,1.81,2.1,1.73,2.04,1.78,2.16,0.5,1.9,1.9,1.95,1.9,1.95,1.96,1.89,1.89,2,1.96
EC,05/10/2024,15:00,Fylde,Aldershot,5,2,H,3,2,H,E Bell,2,3,0,0,2.4,3.7,2.5,2.35,3.5,2.4,2.38,3.5,2.55,2.53,3.49,2.61,2.38,3.7,2.45,2.42,3.6,2.51,2.54,3.7,2.62,2.44,3.5,2.53,2.48,3.8,2.54,1.57,2.35,1.59,2.32,1.59,2.4,1.56,2.32,1.58,2.34,0,1.85,1.95,1.88,1.94,1.88,1.97,1.84,1.93,1.86,1.97,2.55,3.6,2.38,2.45,3.4,2.4,2.45,3.3,2.38,2.69,3.67,2.46,2.38,3.7,2.45,2.6,3.67,2.43,2.69,3.67,2.5,2.57,3.53,2.42,2.72,3.75,2.66,1.62,2.25,1.62,2.33,1.62,2.33,1.58,2.28,1.66,2.38,0,2,1.8,2.02,1.84,2.05,1.84,2,1.82,2,1.95
EC,05/10/2024,15:00,Gateshead,Wealdstone,1,0,H,0,0,D,D Baines,1,3,0,0,1.36,5,6.25,1.39,4.6,5.75,1.3,4.75,6.5,1.36,5.01,7.21,1.44,4.4,5.8,1.36,4.9,6.99,1.4,5.1,7.3,1.37,4.86,6.65,1.36,5.2,7.4,1.48,2.6,1.48,2.59,1.5,2.6,1.47,2.52,1.46,2.58,-1.5,2.03,1.78,2.03,1.79,2.03,1.79,1.98,1.75,1.92,1.79,1.36,5,6.25,1.34,4.75,6.5,1.25,5,7,1.35,5.2,8,1.44,4.4,5.8,1.38,5.08,6.61,1.38,5.2,8,1.35,4.92,7.14,1.35,6,8.8,1.48,2.6,1.51,2.57,1.51,2.6,1.49,2.51,1.57,2.72,-1.5,1.98,1.83,2.01,1.85,2.01,1.85,1.97,1.81,1.89,1.86
EC,05/10/2024,15:00,Halifax,Tamworth,3,2,H,0,2,A,T Reeves,1,0,0,0,1.9,3.25,3.8,1.88,3.2,3.6,1.91,3.2,3.75,2.01,3.48,3.54,1.8,3.4,4,1.96,3.34,3.67,2.02,3.55,3.8,1.95,3.35,3.61,1.98,3.25,3.85,2.08,1.73,2.13,1.69,2.13,1.73,2.07,1.7,2.04,1.73,-0.5,1.98,1.83,2.03,1.8,2.03,1.9,1.95,1.81,1.98,1.83,2,3.2,3.6,1.95,3.2,3.3,1.91,3.1,3.4,2.07,3.47,3.59,1.8,3.4,4,2.04,3.26,3.67,2.07,3.5,3.8,1.99,3.32,3.52,2.12,3.55,3.8,2.1,1.7,2.15,1.72,2.15,1.73,2.08,1.7,2.14,1.81,-0.5,2.03,1.78,2.07,1.79,2.07,1.84,2,1.78,2.12,1.83
EC,05/10/2024,15:00,Hartlepool,Sutton,4,3,H,0,2,A,S Copeland,4,3,0,0,2.5,3.4,2.5,2.45,3.3,2.45,2.5,3.3,2.5,2.59,3.43,2.57,2.5,3.4,2.45,2.52,3.42,2.5,2.61,3.45,2.59,2.53,3.37,2.52,2.6,3.5,2.48,1.8,2,1.78,2.01,1.8,2.01,1.77,1.97,1.78,1.98,0,1.9,1.9,1.92,1.9,1.92,1.92,1.88,1.89,2,1.85,2.6,3.1,2.63,2.5,3,2.5,2.5,3,2.5,2.67,3.31,2.68,2.5,3.4,2.45,2.69,3.18,2.61,2.69,3.4,2.69,2.6,3.17,2.59,2.8,3.25,2.8,2.15,1.67,2.11,1.75,2.25,1.76,2.12,1.67,2.34,1.68,0,1.88,1.93,1.93,1.93,1.93,1.97,1.9,1.91,1.97,1.94
EC,05/10/2024,15:00,Oldham,Solihull,2,3,A,0,0,D,D Drysdale,3,2,0,0,1.85,3.5,3.7,1.85,3.4,3.5,1.85,3.3,3.75,1.88,3.53,3.93,1.85,3.5,3.7,1.88,3.5,3.77,1.92,3.6,3.93,1.88,3.48,3.74,1.39,2.18,2.52,1.93,1.88,1.92,1.88,1.93,1.89,1.89,1.84,1.52,1.85,-0.5,1.9,1.9,1.9,1.92,1.93,1.92,1.88,1.88,1.39,1.56,1.85,3.5,3.7,1.83,3.3,3.6,1.75,3.5,3.75,1.93,3.63,3.91,1.85,3.5,3.7,1.9,3.59,3.79,1.93,3.63,4,1.87,3.49,3.79,1.94,3.95,4.2,2.03,1.78,1.96,1.88,2.03,1.88,1.95,1.81,2,1.92,-0.5,1.88,1.93,1.93,1.92,1.93,1.97,1.87,1.9,1.96,2
EC,05/10/2024,15:00,Southend,Maidenhead,0,2,A,0,1,A,R Ricardo,3,1,0,0,1.7,3.7,4.33,1.68,3.6,4.1,1.7,3.5,4.33,1.71,3.7,4.59,1.67,3.7,4.33,1.72,3.64,4.41,1.78,3.75,4.6,1.71,3.63,4.35,1.7,3.65,4.4,1.9,1.9,1.93,1.88,1.93,1.93,1.87,1.86,1.89,1.87,-0.75,1.98,1.83,1.95,1.87,2,1.87,1.92,1.82,1.94,1.82,1.7,3.75,4.33,1.68,3.6,4.1,1.62,3.5,4.4,1.7,3.86,4.8,1.67,3.7,4.33,1.73,3.81,4.4,1.74,3.89,4.8,1.69,3.72,4.47,1.75,3.95,5.3,1.9,1.9,1.89,1.94,1.97,1.94,1.86,1.89,2.02,1.94,-0.75,1.9,1.9,1.92,1.93,1.95,1.93,1.89,1.89,1.93,1.96
EC,05/10/2024,15:00,Yeovil,Dag and Red,1,0,H,0,0,D,R Martin,0,2,0,0,2.55,3.3,2.55,2.37,3.2,2.55,2.5,3.1,2.6,2.67,3.23,2.62,2.38,3.3,2.7,2.57,3.28,2.53,2.68,3.3,2.63,2.57,3.22,2.57,2.7,3.05,2.58,1.95,1.85,1.99,1.82,1.99,1.85,1.94,1.79,1.96,1.8,0,1.9,1.9,1.93,1.89,1.93,1.92,1.88,1.89,1.93,1.81,3.1,3.4,2.1,3,3.2,2.1,3.3,3,2.05,3.38,3.43,2.16,2.38,3.3,2.7,3.17,3.48,2.14,3.38,3.48,2.35,3.17,3.31,2.14,3.7,3.35,2.26,1.95,1.85,1.97,1.86,1.97,1.86,1.94,1.81,2,1.9,0.25,1.95,1.85,1.98,1.87,1.98,1.9,1.92,1.85,2.04,1.93
EC,05/10/2024,17:30,Woking,York,1,1,D,0,0,D,S Gill,2,0,0,0,3.1,3.2,2.15,3.1,3.2,2.05,3.25,3.1,2.1,3.32,3.19,2.21,3.25,3.25,2.05,3.25,3.24,2.15,3.33,3.3,2.22,3.23,3.2,2.15,3.3,2.78,2.16,2.1,1.7,2.15,1.68,2.15,1.71,2.1,1.68,2.12,1.6,0.25,1.93,1.88,1.91,1.91,1.95,1.91,1.9,1.84,1.78,1.88,3.9,3.4,1.85,3.75,3.3,1.82,4.2,3.1,1.75,4.19,3.51,1.89,3.25,3.25,2.05,3.98,3.47,1.89,4.2,3.51,1.92,3.96,3.37,1.87,4.6,3.55,1.94,2.08,1.73,2.11,1.75,2.21,1.75,2.07,1.71,2.16,1.77,0.5,1.95,1.85,1.95,1.9,1.98,1.92,1.91,1.86,2.03,1.94
EC,08/10/2024,19:45,Tamworth,Gateshead,2,1,H,1,0,H,W Davis,5,1,0,0,3.6,3.5,1.9,3.4,3.3,1.87,3.6,3.5,1.85,3.66,3.8,1.94,3.6,3.5,1.85,3.66,3.54,1.9,3.75,3.9,1.95,3.56,3.59,1.9,3.8,3.85,2,1.85,1.95,1.88,1.94,1.89,2,1.82,1.92,1.9,2,0.5,1.88,1.93,1.9,1.95,1.9,1.95,1.85,1.91,1.92,2.01,3.5,3.5,1.95,3.2,3.3,1.98,3.4,3.5,1.87,3.39,3.82,2.02,3.4,3.4,1.95,3.52,3.54,1.94,3.55,3.9,2.07,3.36,3.59,1.96,3.9,3.9,2,1.9,1.9,1.85,1.99,1.9,2.1,1.79,1.95,1.82,2.14,0.5,1.83,1.98,1.83,2.03,1.84,2.07,1.79,1.98,1.96,2
EC,19/10/2024,15:00,Aldershot,Eastleigh,2,1,H,0,0,D,C Walchester,3,5,0,0,2.25,3.5,3.1,2.15,3.3,2.8,2.2,3.3,2.8,2.19,3.69,2.95,2.15,3.5,2.88,2.18,3.54,2.93,2.25,3.73,3.1,2.17,3.54,2.91,2.16,3.65,2.96,1.67,2.15,1.68,2.18,1.68,2.18,1.65,2.13,1.64,2.12,-0.25,1.93,1.88,1.93,1.88,1.93,1.88,1.89,1.84,1.93,1.91,2.3,3.75,2.8,2.2,3.4,2.65,2.2,3.4,2.75,2.36,3.75,2.78,2.15,3.5,2.88,2.28,3.71,2.77,2.36,3.76,2.9,2.26,3.61,2.75,2.44,3.9,2.82,1.7,2.1,1.72,2.14,1.74,2.25,1.68,2.12,1.68,2.34,-0.25,2.03,1.78,2.07,1.79,2.07,1.81,2,1.78,2.13,1.82
EC,19/10/2024,15:00,Altrincham,Gateshead,2,2,D,1,2,A,S Copeland,3,1,0,0,3,3.7,2.15,2.9,3.4,2.05,2.88,3.4,2.15,2.93,3.62,2.23,3,3.6,2.1,2.89,3.52,2.21,3.1,3.7,2.24,2.93,3.54,2.17,2.92,3.4,2.18,1.67,2.15,1.69,2.13,1.69,2.2,1.66,2.12,1.66,2.08,0.25,1.9,1.9,1.85,1.96,1.94,1.96,1.86,1.88,1.88,1.92,2.7,3.6,2.4,2.55,3.4,2.25,2.63,3.4,2.25,2.6,3.79,2.5,3,3.6,2.1,2.69,3.58,2.39,2.9,3.79,2.5,2.69,3.57,2.32,2.76,3.85,2.5,1.7,2.1,1.7,2.18,1.74,2.2,1.67,2.13,1.7,2.26,0,2,1.8,1.96,1.88,2.12,1.88,2.01,1.82,2.06,1.85
EC,19/10/2024,15:00,Boston Utd,Halifax,0,1,A,0,1,A,P Cooper,4,2,0,1,3.1,3.4,2.25,2.95,3.2,2.15,3,3.25,2.15,3.11,3.63,2.13,3,3.3,2.15,3.16,3.3,2.16,3.16,3.68,2.25,3.06,3.43,2.14,3.25,3.4,2.08,2,1.8,2.02,1.79,2.02,1.81,1.98,1.76,1.93,1.78,0.25,1.9,1.9,1.94,1.88,1.94,1.92,1.88,1.86,1.97,1.83,3.3,3.4,2.15,3,3.25,2.05,3.2,3.3,2,3.35,3.68,2.08,3,3.3,2.15,3.28,3.38,2.14,3.35,3.68,2.15,3.21,3.44,2.09,3.7,3.6,2.14,1.98,1.83,1.96,1.88,2.01,1.88,1.95,1.8,1.97,1.88,0.25,1.98,1.83,2.04,1.82,2.04,1.85,1.97,1.82,2.08,1.84
EC,19/10/2024,15:00,Dag and Red,Fylde,4,0,H,1,0,H,P Johnson,0,2,0,0,1.65,4,4.75,1.61,3.8,4.2,1.57,3.8,4.75,1.64,4.11,4.54,1.62,3.8,4.6,1.63,3.95,4.64,1.66,4.11,4.75,1.63,3.93,4.49,1.64,3.95,4.6,1.67,2.15,1.67,2.18,1.68,2.18,1.65,2.14,1.64,2.12,-0.75,1.8,2,1.83,1.99,1.83,2,1.79,1.95,1.8,1.97,1.48,4.5,6.25,1.44,4.2,5.5,1.4,4.2,5.5,1.48,4.67,6.01,1.62,3.8,4.6,1.46,4.45,6.18,1.48,4.68,6.25,1.46,4.4,5.85,1.55,4.8,6.2,1.65,2.2,1.63,2.31,1.7,2.31,1.61,2.22,1.65,2.34,-1.25,2,1.8,2.07,1.78,2.07,1.81,2.01,1.78,2.05,1.72
EC,19/10/2024,15:00,Forest Green,Braintree Town,2,1,H,1,1,D,W Cartmel,1,2,0,0,1.57,4,6,1.55,3.8,4.75,1.5,3.9,5.5,1.57,4.57,4.57,1.53,3.9,5.5,1.57,3.94,5.22,1.62,4.7,6,1.56,4.19,4.88,1.52,3.75,4.7,1.8,2,1.85,1.95,1.85,2,1.79,1.94,1.23,1.39,-1,2,1.8,2.01,1.82,2.02,1.83,1.96,1.79,1.81,1.69,1.53,4,6.5,1.51,3.9,5,1.4,4.1,6,1.51,4.43,5.99,1.53,3.9,5.5,1.51,3.95,6.42,1.57,4.5,6.5,1.51,4.11,5.64,1.5,4.7,7.4,1.8,2,1.85,2,1.89,2,1.8,1.95,1.83,2.08,-1,1.85,1.95,1.85,2.01,2,2.01,1.86,1.92,1.82,2.1
EC,19/10/2024,15:00,Maidenhead,Hartlepool,1,1,D,1,0,H,G Rhodes,2,0,0,0,2.38,3.5,2.8,2.3,3.3,2.6,2.3,3.25,2.7,2.33,3.38,2.94,2.38,3.3,2.7,2.3,3.35,2.86,2.38,3.5,2.96,2.31,3.35,2.83,2.4,3.4,2.9,1.9,1.9,1.89,1.91,1.9,1.91,1.86,1.87,1.86,1.93,-0.25,2.03,1.78,2.03,1.8,2.03,1.8,1.98,1.76,2.06,1.77,2.3,3.5,2.8,2.2,3.3,2.7,2.2,3.2,2.8,2.43,3.29,2.99,2.38,3.3,2.7,2.32,3.53,2.82,2.43,3.53,2.99,2.31,3.34,2.84,2.44,3.55,3.1,1.93,1.88,1.95,1.88,1.97,1.93,1.88,1.87,1.97,1.93,-0.25,2.03,1.78,2.09,1.78,2.09,1.83,2.03,1.77,2.1,1.88
EC,19/10/2024,15:00,Solihull,Barnet,4,3,H,2,1,H,R Martin,5,2,0,0,4.33,4,1.73,3.9,3.8,1.66,4.2,3.8,1.67,4.08,3.86,1.76,4.2,3.9,1.65,3.96,3.82,1.76,4.33,4,1.78,4.05,3.85,1.73,4.2,3.85,1.75,1.65,2.2,1.63,2.23,1.65,2.25,1.61,2.21,1.61,2.18,0.75,1.88,1.93,1.81,2.01,1.94,2.01,1.82,1.93,1.89,1.93,4.2,3.9,1.75,3.8,3.75,1.68,3.9,3.75,1.7,4.04,3.95,1.81,4.2,3.9,1.65,4.19,3.89,1.74,4.2,3.95,1.81,3.99,3.8,1.76,4.2,4,1.88,1.65,2.2,1.65,2.26,1.65,2.26,1.62,2.21,1.71,2.3,0.75,1.8,2,1.81,2.05,1.85,2.05,1.8,1.99,1.81,2.09
EC,19/10/2024,15:00,Sutton,Oldham,1,3,A,0,1,A,A Humphries,2,2,0,0,2.5,3.5,2.63,2.3,3.3,2.55,2.4,3.25,2.63,2.56,3.27,2.71,2.4,3.3,2.62,2.45,3.34,2.62,2.57,3.5,2.71,2.48,3.29,2.63,2.5,3.35,2.68,1.9,1.9,1.89,1.91,1.9,1.91,1.86,1.88,1.87,1.88,0,1.83,1.98,1.85,1.96,1.85,2,1.81,1.96,1.84,1.93,2.55,3.5,2.6,2.3,3.3,2.55,2.5,3.2,2.5,2.53,3.5,2.71,2.4,3.3,2.62,2.54,3.48,2.58,2.55,3.5,2.71,2.48,3.39,2.61,2.62,3.55,2.74,1.88,1.93,1.86,1.97,1.97,2,1.84,1.91,1.87,2.02,0,1.85,1.95,1.86,2,1.86,2,1.85,1.96,1.9,1.98
EC,19/10/2024,15:00,Tamworth,Woking,3,2,H,2,0,H,A Miller,0,5,0,0,2.25,3.5,3,2.15,3.2,2.8,2.15,3.25,3,2.21,3.3,3.21,2.25,3.3,2.8,2.18,3.32,3.11,2.25,3.5,3.21,2.18,3.3,3.08,2.18,3.4,3.35,1.95,1.85,2.01,1.81,2.01,1.87,1.95,1.79,1.96,1.84,-0.25,1.93,1.88,1.92,1.9,1.97,1.9,1.89,1.85,1.88,2.02,1.95,3.7,3.6,1.9,3.3,3.3,1.87,3.5,3.4,2,3.64,3.61,2.25,3.3,2.8,1.94,3.67,3.57,2.06,3.73,3.77,1.94,3.56,3.46,2.02,3.85,3.7,1.9,1.9,1.87,1.96,1.97,1.97,1.83,1.92,1.89,2.06,-0.5,1.98,1.83,2.01,1.85,2.06,1.85,1.96,1.81,2.02,1.9
EC,19/10/2024,15:00,Wealdstone,Yeovil,0,3,A,0,1,A,S Mulhall,4,1,0,0,2.55,3.4,2.63,2.45,3.2,2.5,2.45,3.1,2.63,2.47,3.28,2.81,2.7,3.25,2.38,2.44,3.24,2.69,2.55,3.4,2.82,2.47,3.23,2.69,2.44,3.2,2.82,2,1.8,2.05,1.76,2.05,1.81,2,1.75,2,1.76,0,1.85,1.95,1.79,2.04,1.89,2.04,1.83,1.96,1.76,2.02,2.2,3.6,3.1,2.15,3.25,2.8,2.2,3.2,2.8,2.21,3.53,3.19,2.7,3.25,2.38,2.17,3.55,3.06,2.3,3.6,3.19,2.18,3.39,3.04,2.24,3.6,3.5,1.9,1.9,1.9,1.93,1.97,1.93,1.87,1.88,1.94,1.94,-0.25,1.9,1.9,1.92,1.93,1.94,1.93,1.89,1.89,1.94,2.05
EC,19/10/2024,15:00,York,Ebbsfleet,4,0,H,1,0,H,J Bancroft,3,2,0,0,1.42,4.33,7.5,1.43,4.2,5.5,1.36,4.2,6.5,1.43,4.41,6.76,1.4,4.33,6.5,1.42,4.4,6.6,1.46,4.6,7.5,1.42,4.36,6.54,1.45,4.3,6.2,1.73,2.08,1.75,2.07,1.75,2.1,1.71,2.04,1.64,2.08,-1.25,1.98,1.83,2.02,1.81,2.02,1.83,1.96,1.78,1.95,1.68,1.3,5,10,1.29,4.8,7.75,1.2,5,9.5,1.3,5.3,10.27,1.4,4.33,6.5,1.32,4.93,9.37,1.34,5.3,10.27,1.3,4.95,9.19,1.33,5.8,11.5,1.62,2.25,1.63,2.3,1.72,2.3,1.64,2.18,1.67,2.34,-1.5,1.9,1.9,1.91,1.94,1.95,1.94,1.89,1.88,1.83,2.05
EC,19/10/2024,17:30,Rochdale,Southend,0,1,A,0,1,A,S Morland,2,3,0,0,2.15,3.4,3.25,2.05,3.3,3,2.05,3.25,3.25,2.23,3.27,3.21,2.1,3.3,3.1,2.15,3.32,3.17,2.24,3.4,3.25,2.15,3.28,3.17,2.22,3.3,3.3,1.98,1.83,2,1.81,2,1.85,1.95,1.79,1.96,1.83,-0.25,1.88,1.93,1.93,1.89,1.93,1.95,1.85,1.89,1.91,2.01,2.2,3.5,3.1,2.05,3.3,2.95,2,3.25,3.25,2.2,3.43,3.28,2.1,3.3,3.1,2.12,3.44,3.13,2.2,3.5,3.29,2.14,3.36,3.13,2.22,3.6,3.55,1.8,2,1.83,2.01,1.83,2.04,1.79,1.95,1.91,2.04,-0.25,1.9,1.9,1.91,1.94,1.96,1.94,1.86,1.9,1.91,2.05
